-- phpMyAdmin SQL Dump
-- version 4.1.14
-- http://www.phpmyadmin.net
--
-- Client :  127.0.0.1
-- Généré le :  Mar 15 Mars 2016 à 10:56
-- Version du serveur :  5.6.17
-- Version de PHP :  5.5.12

SET SQL_MODE = "NO_AUTO_VALUE_ON_ZERO";
SET time_zone = "+00:00";


/*!40101 SET @OLD_CHARACTER_SET_CLIENT=@@CHARACTER_SET_CLIENT */;
/*!40101 SET @OLD_CHARACTER_SET_RESULTS=@@CHARACTER_SET_RESULTS */;
/*!40101 SET @OLD_COLLATION_CONNECTION=@@COLLATION_CONNECTION */;
/*!40101 SET NAMES utf8 */;

--
-- Base de données :  `kitbox_prod`
--

-- --------------------------------------------------------

--
-- Structure de la table `client`
--

CREATE TABLE IF NOT EXISTS `client` (
  `PK_client` int(11) NOT NULL AUTO_INCREMENT,
  `telephone` varchar(11) NOT NULL,
  `adresse` varchar(100) NOT NULL,
  `nom` varchar(45) NOT NULL,
  PRIMARY KEY (`PK_client`)
) ENGINE=InnoDB  DEFAULT CHARSET=utf8 AUTO_INCREMENT=3 ;

-- --------------------------------------------------------

--
-- Structure de la table `commande`
--

CREATE TABLE IF NOT EXISTS `commande` (
  `PK_refCommande` int(11) NOT NULL AUTO_INCREMENT,
  `prix total` decimal(10,3) DEFAULT NULL,
  `FK_client` int(11) DEFAULT NULL,
  `date` date DEFAULT NULL,
  `retire` tinyint(1) NOT NULL DEFAULT '0',
  `coupeSup` int(3) NOT NULL DEFAULT '0',
  PRIMARY KEY (`PK_refCommande`),
  KEY `FK_client_idx` (`FK_client`)
) ENGINE=InnoDB  DEFAULT CHARSET=utf8 AUTO_INCREMENT=7 ;

-- --------------------------------------------------------

--
-- Structure de la table `element`
--

CREATE TABLE IF NOT EXISTS `element` (
  `PK_code` varchar(45) NOT NULL,
  `prix` double(10,3) NOT NULL,
  `stock` int(11) DEFAULT NULL,
  `commande` int(11) DEFAULT NULL,
  `reserve` int(11) DEFAULT NULL,
  `hauteur` int(11) NOT NULL,
  `profondeur` int(11) DEFAULT NULL,
  `largeur` int(11) DEFAULT NULL,
  `couleur` varchar(45) DEFAULT NULL,
  `typeElement` varchar(45) DEFAULT NULL,
  `nbrpieces` int(11) DEFAULT NULL,
  `stockmin` int(11) NOT NULL,
  PRIMARY KEY (`PK_code`),
  FULLTEXT KEY `couleur` (`couleur`)
) ENGINE=InnoDB DEFAULT CHARSET=utf8;

--
-- Contenu de la table `element`
--

INSERT INTO `element` (`PK_code`, `prix`, `stock`, `commande`, `reserve`, `hauteur`, `profondeur`, `largeur`, `couleur`, `typeElement`, `nbrpieces`, `stockmin`) VALUES
('COR100BLDEC', 1.720, 85, 0, 0, 100, 0, 0, 'Blanc', 'cornière', 4, 32),
('COR100BRDEC', 1.380, 84, 0, 0, 100, 0, 0, 'Brun', 'cornière', 4, 32),
('COR100GLDEC', 1.720, 84, 0, 0, 100, 0, 0, 'Galvanis‚', 'cornière', 4, 32),
('COR100NRDEC', 1.200, 87, 0, 0, 100, 0, 0, 'Noir', 'cornière', 4, 32),
('COR108BL', 0.970, 84, 0, 0, 108, 0, 0, 'Blanc', 'cornière', 4, 32),
('COR108BR', 0.776, 87, 0, 0, 108, 0, 0, 'Brun', 'cornière', 4, 32),
('COR108GL', 0.970, 87, 0, 0, 108, 0, 0, 'Galvanis‚', 'cornière', 4, 32),
('COR108NR', 0.679, 86, 0, 0, 108, 0, 0, 'Noir', 'cornière', 4, 32),
('COR112BL', 1.060, 82, 0, 0, 112, 0, 0, 'Blanc', 'cornière', 4, 32),
('COR112BR', 0.848, 82, 0, 0, 112, 0, 0, 'Brun', 'cornière', 4, 32),
('COR112GL', 1.060, 88, 0, 0, 112, 0, 0, 'Galvanis‚', 'cornière', 4, 32),
('COR112NR', 0.742, 89, 0, 0, 112, 0, 0, 'Noir', 'cornière', 4, 32),
('COR125BLDEC', 1.940, 83, 0, 0, 125, 0, 0, 'Blanc', 'cornière', 4, 32),
('COR125BRDEC', 1.550, 84, 0, 0, 125, 0, 0, 'Brun', 'cornière', 4, 32),
('COR125GLDEC', 1.940, 83, 0, 0, 125, 0, 0, 'Galvanis‚', 'cornière', 4, 32),
('COR125NRDEC', 1.360, 86, 0, 0, 125, 0, 0, 'Noir', 'cornière', 4, 32),
('COR138BL', 1.270, 83, 0, 0, 138, 0, 0, 'Blanc', 'cornière', 4, 32),
('COR138BR', 1.016, 87, 0, 0, 138, 0, 0, 'Brun', 'cornière', 4, 32),
('COR138GL', 1.270, 89, 0, 0, 138, 0, 0, 'Galvanis‚', 'cornière', 4, 32),
('COR138NR', 0.889, 83, 0, 0, 138, 0, 0, 'Noir', 'cornière', 4, 32),
('COR144BL', 1.280, 86, 0, 0, 144, 0, 0, 'Blanc', 'cornière', 4, 32),
('COR144BR', 1.024, 87, 0, 0, 144, 0, 0, 'Brun', 'cornière', 4, 32),
('COR144GL', 1.280, 84, 0, 0, 144, 0, 0, 'Galvanis‚', 'cornière', 4, 32),
('COR144NR', 0.896, 88, 0, 0, 144, 0, 0, 'Noir', 'cornière', 4, 32),
('COR150BLDEC', 2.540, 89, 0, 0, 150, 0, 0, 'Blanc', 'cornière', 4, 32),
('COR150BRDEC', 2.030, 87, 0, 0, 150, 0, 0, 'Brun', 'cornière', 4, 32),
('COR150GLDEC', 2.540, 87, 0, 0, 150, 0, 0, 'Galvanis‚', 'cornière', 4, 32),
('COR150NRDEC', 1.780, 87, 0, 0, 150, 0, 0, 'Noir', 'cornière', 4, 32),
('COR168BL', 1.570, 89, 0, 0, 168, 0, 0, 'Blanc', 'cornière', 4, 32),
('COR168BR', 1.256, 83, 0, 0, 168, 0, 0, 'Brun', 'cornière', 4, 32),
('COR168GL', 1.570, 88, 0, 0, 168, 0, 0, 'Galvanis‚', 'cornière', 4, 32),
('COR168NR', 1.099, 80, 0, 0, 168, 0, 0, 'Noir', 'cornière', 4, 32),
('COR175BLDEC', 3.140, 81, 0, 0, 175, 0, 0, 'Blanc', 'cornière', 4, 32),
('COR175BRDEC', 2.510, 83, 0, 0, 175, 0, 0, 'Brun', 'cornière', 4, 32),
('COR175GLDEC', 3.140, 86, 0, 0, 175, 0, 0, 'Galvanis‚', 'cornière', 4, 32),
('COR175NRDEC', 2.200, 85, 0, 0, 175, 0, 0, 'Noir', 'cornière', 4, 32),
('COR180BL', 1.590, 89, 0, 0, 180, 0, 0, 'Blanc', 'cornière', 4, 32),
('COR180BR', 1.272, 89, 0, 0, 180, 0, 0, 'Brun', 'cornière', 4, 32),
('COR180GL', 1.590, 84, 0, 0, 180, 0, 0, 'Galvanis‚', 'cornière', 4, 32),
('COR180NR', 1.113, 83, 0, 0, 180, 0, 0, 'Noir', 'cornière', 4, 32),
('COR184BL', 1.680, 89, 0, 0, 184, 0, 0, 'Blanc', 'cornière', 4, 32),
('COR184BR', 1.344, 84, 0, 0, 184, 0, 0, 'Brun', 'cornière', 4, 32),
('COR184GL', 1.680, 86, 0, 0, 184, 0, 0, 'Galvanis‚', 'cornière', 4, 32),
('COR184NR', 1.176, 88, 0, 0, 184, 0, 0, 'Noir', 'cornière', 4, 32),
('COR200BLDEC', 3.360, 85, 0, 0, 200, 0, 0, 'Blanc', 'cornière', 4, 32),
('COR200BRDEC', 2.690, 86, 0, 0, 200, 0, 0, 'Brun', 'cornière', 4, 32),
('COR200GLDEC', 3.360, 84, 0, 0, 200, 0, 0, 'Galvanis‚', 'cornière', 4, 32),
('COR200NRDEC', 2.350, 90, 0, 0, 200, 0, 0, 'Noir', 'cornière', 4, 32),
('COR216BL', 1.900, 84, 0, 0, 216, 0, 0, 'Blanc', 'cornière', 4, 32),
('COR216BR', 1.520, 81, 0, 0, 216, 0, 0, 'Brun', 'cornière', 4, 32),
('COR216GL', 1.900, 88, 0, 0, 216, 0, 0, 'Galvanis‚', 'cornière', 4, 32),
('COR216NR', 1.330, 80, 0, 0, 216, 0, 0, 'Noir', 'cornière', 4, 32),
('COR224BL', 2.080, 84, 0, 0, 224, 0, 0, 'Blanc', 'cornière', 4, 32),
('COR224BR', 1.664, 83, 0, 0, 224, 0, 0, 'Brun', 'cornière', 4, 32),
('COR224GL', 2.080, 87, 0, 0, 224, 0, 0, 'Galvanis‚', 'cornière', 4, 32),
('COR224NR', 1.456, 84, 0, 0, 224, 0, 0, 'Noir', 'cornière', 4, 32),
('COR225BLDEC', 3.800, 88, 0, 0, 225, 0, 0, 'Blanc', 'cornière', 4, 32),
('COR225BRDEC', 3.040, 86, 0, 0, 225, 0, 0, 'Brun', 'cornière', 4, 32),
('COR225GLDEC', 3.800, 86, 0, 0, 225, 0, 0, 'Galvanis‚', 'cornière', 4, 32),
('COR225NRDEC', 2.660, 88, 0, 0, 225, 0, 0, 'Noir', 'cornière', 4, 32),
('COR230BL', 2.090, 83, 0, 0, 230, 0, 0, 'Blanc', 'cornière', 4, 32),
('COR230BR', 1.672, 80, 0, 0, 230, 0, 0, 'Brun', 'cornière', 4, 32),
('COR230GL', 2.090, 88, 0, 0, 230, 0, 0, 'Galvanis‚', 'cornière', 4, 32),
('COR230NR', 1.463, 83, 0, 0, 230, 0, 0, 'Noir', 'cornière', 4, 32),
('COR250BLDEC', 4.420, 87, 0, 0, 250, 0, 0, 'Blanc', 'cornière', 4, 32),
('COR250BRDEC', 3.540, 81, 0, 0, 250, 0, 0, 'Brun', 'cornière', 4, 32),
('COR250GLDEC', 4.420, 82, 0, 0, 250, 0, 0, 'Galvanis‚', 'cornière', 4, 32),
('COR250NRDEC', 3.090, 86, 0, 0, 250, 0, 0, 'Noir', 'cornière', 4, 32),
('COR252BL', 2.210, 80, 0, 0, 252, 0, 0, 'Blanc', 'cornière', 4, 32),
('COR252BR', 1.768, 89, 0, 0, 252, 0, 0, 'Brun', 'cornière', 4, 32),
('COR252GL', 2.210, 89, 0, 0, 252, 0, 0, 'Galvanis‚', 'cornière', 4, 32),
('COR252NR', 1.547, 80, 0, 0, 252, 0, 0, 'Noir', 'cornière', 4, 32),
('COR275BLDEC', 5.000, 82, 0, 0, 275, 0, 0, 'Blanc', 'cornière', 4, 32),
('COR275BRDEC', 4.000, 82, 0, 0, 275, 0, 0, 'Brun', 'cornière', 4, 32),
('COR275GLDEC', 5.000, 87, 0, 0, 275, 0, 0, 'Galvanis‚', 'cornière', 4, 32),
('COR275NRDEC', 3.500, 81, 0, 0, 275, 0, 0, 'Noir', 'cornière', 4, 32),
('COR276BL', 2.500, 86, 0, 0, 276, 0, 0, 'Blanc', 'cornière', 4, 32),
('COR276BR', 2.000, 90, 0, 0, 276, 0, 0, 'Brun', 'cornière', 4, 32),
('COR276GL', 2.500, 81, 0, 0, 276, 0, 0, 'Galvanis‚', 'cornière', 4, 32),
('COR276NR', 1.750, 83, 0, 0, 276, 0, 0, 'Noir', 'cornière', 4, 32),
('COR280BL', 2.590, 84, 0, 0, 280, 0, 0, 'Blanc', 'cornière', 4, 32),
('COR280BR', 2.072, 86, 0, 0, 280, 0, 0, 'Brun', 'cornière', 4, 32),
('COR280GL', 2.590, 86, 0, 0, 280, 0, 0, 'Galvanis‚', 'cornière', 4, 32),
('COR280NR', 1.813, 86, 0, 0, 280, 0, 0, 'Noir', 'cornière', 4, 32),
('COR300BLDEC', 5.180, 90, 0, 0, 300, 0, 0, 'Blanc', 'cornière', 4, 32),
('COR300BRDEC', 4.140, 88, 0, 0, 300, 0, 0, 'Brun', 'cornière', 4, 32),
('COR300GLDEC', 5.180, 83, 0, 0, 300, 0, 0, 'Galvanis‚', 'cornière', 4, 32),
('COR300NRDEC', 3.630, 84, 0, 0, 300, 0, 0, 'Noir', 'cornière', 4, 32),
('COR325BLDEC', 5.180, 86, 0, 0, 325, 0, 0, 'Blanc', 'cornière', 4, 32),
('COR325BRDEC', 4.140, 88, 0, 0, 325, 0, 0, 'Brun', 'cornière', 4, 32),
('COR325GLDEC', 5.180, 90, 0, 0, 325, 0, 0, 'Galvanis‚', 'cornière', 4, 32),
('COR325NRDEC', 3.630, 87, 0, 0, 325, 0, 0, 'Noir', 'cornière', 4, 32),
('COR350BLDEC', 5.180, 84, 0, 0, 350, 0, 0, 'Blanc', 'cornière', 4, 32),
('COR350BRDEC', 4.140, 84, 0, 0, 350, 0, 0, 'Brun', 'cornière', 4, 32),
('COR350GLDEC', 5.180, 83, 0, 0, 350, 0, 0, 'Galvanis‚', 'cornière', 4, 32),
('COR350NRDEC', 3.630, 85, 0, 0, 350, 0, 0, 'Noir', 'cornière', 4, 32),
('COR36BL', 0.350, 84, 0, 0, 36, 0, 0, 'Blanc', 'cornière', 4, 32),
('COR36BR', 0.280, 82, 0, 0, 36, 0, 0, 'Brun', 'cornière', 4, 32),
('COR36GL', 0.350, 81, 0, 0, 36, 0, 0, 'Galvanis‚', 'cornière', 4, 32),
('COR36NR', 0.245, 84, 0, 0, 36, 0, 0, 'Noir', 'cornière', 4, 32),
('COR375BLDEC', 5.180, 82, 0, 0, 375, 0, 0, 'Blanc', 'cornière', 4, 32),
('COR375BRDEC', 4.140, 81, 0, 0, 375, 0, 0, 'Brun', 'cornière', 4, 32),
('COR375GLDEC', 5.180, 86, 0, 0, 375, 0, 0, 'Galvanis‚', 'cornière', 4, 32),
('COR375NRDEC', 3.630, 89, 0, 0, 375, 0, 0, 'Noir', 'cornière', 4, 32),
('COR46BL', 0.450, 89, 0, 0, 46, 0, 0, 'Blanc', 'cornière', 4, 32),
('COR46BR', 0.360, 87, 0, 0, 46, 0, 0, 'Brun', 'cornière', 4, 32),
('COR46GL', 0.450, 82, 0, 0, 46, 0, 0, 'Galvanis‚', 'cornière', 4, 32),
('COR46NR', 0.315, 90, 0, 0, 46, 0, 0, 'Noir', 'cornière', 4, 32),
('COR50BLDEC', 1.100, 84, 0, 0, 50, 0, 0, 'Blanc', 'cornière', 4, 32),
('COR50BRDEC', 0.880, 86, 0, 0, 50, 0, 0, 'Brun', 'cornière', 4, 32),
('COR50GLDEC', 1.100, 82, 0, 0, 50, 0, 0, 'Galvanis‚', 'cornière', 4, 32),
('COR50NRDEC', 0.770, 82, 0, 0, 50, 0, 0, 'Noir', 'cornière', 4, 32),
('COR56BL', 0.550, 89, 0, 0, 56, 0, 0, 'Blanc', 'cornière', 4, 32),
('COR56BR', 0.440, 86, 0, 0, 56, 0, 0, 'Brun', 'cornière', 4, 32),
('COR56GL', 0.550, 82, 0, 0, 56, 0, 0, 'Galvanis‚', 'cornière', 4, 32),
('COR56NR', 0.385, 89, 0, 0, 56, 0, 0, 'Noir', 'cornière', 4, 32),
('COR72BL', 0.660, 82, 0, 0, 72, 0, 0, 'Blanc', 'cornière', 4, 32),
('COR72BR', 0.528, 85, 0, 0, 72, 0, 0, 'Brun', 'cornière', 4, 32),
('COR72GL', 0.660, 83, 0, 0, 72, 0, 0, 'Galvanis‚', 'cornière', 4, 32),
('COR72NR', 0.462, 81, 0, 0, 72, 0, 0, 'Noir', 'cornière', 4, 32),
('COR75BLDEC', 1.320, 89, 0, 0, 75, 0, 0, 'Blanc', 'cornière', 4, 32),
('COR75BRDEC', 1.060, 83, 0, 0, 75, 0, 0, 'Brun', 'cornière', 4, 32),
('COR75GLDEC', 1.320, 84, 0, 0, 75, 0, 0, 'Galvanis‚', 'cornière', 4, 32),
('COR75NRDEC', 0.920, 81, 0, 0, 75, 0, 0, 'Noir', 'cornière', 4, 32),
('COR92BL', 0.860, 85, 0, 0, 92, 0, 0, 'Blanc', 'cornière', 4, 32),
('COR92BR', 0.688, 83, 0, 0, 92, 0, 0, 'Brun', 'cornière', 4, 32),
('COR92GL', 0.860, 82, 0, 0, 92, 0, 0, 'Galvanis‚', 'cornière', 4, 32),
('COR92NR', 0.602, 87, 0, 0, 92, 0, 0, 'Noir', 'cornière', 4, 32),
('COUPEL', 0.005, 42, 0, 0, 0, 0, 0, '', 'Coupelles', 2, 16),
('PAG3232BL', 5.120, 45, 0, 0, 32, 32, 0, 'Blanc', 'Panneau GD', 2, 16),
('PAG3232BR', 4.096, 44, 0, 0, 32, 32, 0, 'Brun', 'Panneau GD', 2, 16),
('PAG3242BL', 6.720, 50, 0, 0, 32, 42, 0, 'Blanc', 'Panneau GD', 2, 16),
('PAG3242BR', 5.376, 48, 0, 0, 32, 42, 0, 'Brun', 'Panneau GD', 2, 16),
('PAG3252BL', 8.320, 41, 0, 0, 32, 52, 0, 'Blanc', 'Panneau GD', 2, 16),
('PAG3252BR', 6.656, 42, 0, 0, 32, 52, 0, 'Brun', 'Panneau GD', 2, 16),
('PAG3262BL', 9.920, 49, 0, 0, 32, 62, 0, 'Blanc', 'Panneau GD', 2, 16),
('PAG3262BR', 7.936, 41, 0, 0, 32, 62, 0, 'Brun', 'Panneau GD', 2, 16),
('PAG4232BL', 6.720, 49, 0, 0, 42, 32, 0, 'Blanc', 'Panneau GD', 2, 16),
('PAG4232BR', 5.376, 41, 0, 0, 42, 32, 0, 'Brun', 'Panneau GD', 2, 16),
('PAG4242BL', 8.820, 43, 0, 0, 42, 42, 0, 'Blanc', 'Panneau GD', 2, 16),
('PAG4242BR', 7.056, 43, 0, 0, 42, 42, 0, 'Brun', 'Panneau GD', 2, 16),
('PAG4252BL', 10.920, 45, 0, 0, 42, 52, 0, 'Blanc', 'Panneau GD', 2, 16),
('PAG4252BR', 8.736, 47, 0, 0, 42, 52, 0, 'Brun', 'Panneau GD', 2, 16),
('PAG4262BL', 13.020, 43, 0, 0, 42, 62, 0, 'Blanc', 'Panneau GD', 2, 16),
('PAG4262BR', 10.416, 45, 0, 0, 42, 62, 0, 'Brun', 'Panneau GD', 2, 16),
('PAG5232BL', 8.320, 50, 0, 0, 52, 32, 0, 'Blanc', 'Panneau GD', 2, 16),
('PAG5232BR', 6.656, 47, 0, 0, 52, 32, 0, 'Brun', 'Panneau GD', 2, 16),
('PAG5242BL', 10.920, 47, 0, 0, 52, 42, 0, 'Blanc', 'Panneau GD', 2, 16),
('PAG5242BR', 8.736, 49, 0, 0, 52, 42, 0, 'Brun', 'Panneau GD', 2, 16),
('PAG5252BL', 13.520, 47, 0, 0, 52, 52, 0, 'Blanc', 'Panneau GD', 2, 16),
('PAG5252BR', 10.816, 47, 0, 0, 52, 52, 0, 'Brun', 'Panneau GD', 2, 16),
('PAG5262BL', 16.120, 48, 0, 0, 52, 62, 0, 'Blanc', 'Panneau GD', 2, 16),
('PAG5262BR', 12.896, 44, 0, 0, 52, 62, 0, 'Brun', 'Panneau GD', 2, 16),
('PAH32100BL', 16.000, 49, 0, 0, 0, 32, 100, 'Blanc', 'Panneau HB', 2, 16),
('PAH32100BR', 12.800, 42, 0, 0, 0, 32, 100, 'Brun', 'Panneau HB', 2, 16),
('PAH32120BL', 19.200, 47, 0, 0, 0, 32, 120, 'Blanc', 'Panneau HB', 2, 16),
('PAH32120BR', 15.360, 50, 0, 0, 0, 32, 120, 'Brun', 'Panneau HB', 2, 16),
('PAH3232BL', 5.120, 50, 0, 0, 0, 32, 32, 'Blanc', 'Panneau HB', 2, 16),
('PAH3232BR', 4.096, 41, 0, 0, 0, 32, 32, 'Brun', 'Panneau HB', 2, 16),
('PAH3242BL', 6.720, 42, 0, 0, 0, 32, 42, 'Blanc', 'Panneau HB', 2, 16),
('PAH3242BR', 5.376, 46, 0, 0, 0, 32, 42, 'Brun', 'Panneau HB', 2, 16),
('PAH3252BL', 8.320, 41, 0, 0, 0, 32, 52, 'Blanc', 'Panneau HB', 2, 16),
('PAH3252BR', 6.656, 48, 0, 0, 0, 32, 52, 'Brun', 'Panneau HB', 2, 16),
('PAH3262BL', 9.920, 44, 0, 0, 0, 32, 62, 'Blanc', 'Panneau HB', 2, 16),
('PAH3262BR', 7.936, 44, 0, 0, 0, 32, 62, 'Brun', 'Panneau HB', 2, 16),
('PAH3280BL', 12.800, 48, 0, 0, 0, 32, 80, 'Blanc', 'Panneau HB', 2, 16),
('PAH3280BR', 10.240, 48, 0, 0, 0, 32, 80, 'Brun', 'Panneau HB', 2, 16),
('PAH42100BL', 21.000, 46, 0, 0, 0, 42, 100, 'Blanc', 'Panneau HB', 2, 16),
('PAH42100BR', 16.800, 43, 0, 0, 0, 42, 100, 'Brun', 'Panneau HB', 2, 16),
('PAH42120BL', 25.200, 41, 0, 0, 0, 42, 120, 'Blanc', 'Panneau HB', 2, 16),
('PAH42120BR', 20.160, 45, 0, 0, 0, 42, 120, 'Brun', 'Panneau HB', 2, 16),
('PAH4232BL', 6.720, 43, 0, 0, 0, 42, 32, 'Blanc', 'Panneau HB', 2, 16),
('PAH4232BR', 5.376, 43, 0, 0, 0, 42, 32, 'Brun', 'Panneau HB', 2, 16),
('PAH4242BL', 8.820, 40, 0, 0, 0, 42, 42, 'Blanc', 'Panneau HB', 2, 16),
('PAH4242BR', 7.056, 44, 0, 0, 0, 42, 42, 'Brun', 'Panneau HB', 2, 16),
('PAH4252BL', 10.920, 46, 0, 0, 0, 42, 52, 'Blanc', 'Panneau HB', 2, 16),
('PAH4252BR', 8.736, 46, 0, 0, 0, 42, 52, 'Brun', 'Panneau HB', 2, 16),
('PAH4262BL', 13.020, 45, 0, 0, 0, 42, 62, 'Blanc', 'Panneau HB', 2, 16),
('PAH4262BR', 10.416, 48, 0, 0, 0, 42, 62, 'Brun', 'Panneau HB', 2, 16),
('PAH4280BL', 16.800, 50, 0, 0, 0, 42, 80, 'Blanc', 'Panneau HB', 2, 16),
('PAH4280BR', 13.440, 45, 0, 0, 0, 42, 80, 'Brun', 'Panneau HB', 2, 16),
('PAH52100BL', 26.000, 49, 0, 0, 0, 52, 100, 'Blanc', 'Panneau HB', 2, 16),
('PAH52100BR', 20.800, 42, 0, 0, 0, 52, 100, 'Brun', 'Panneau HB', 2, 16),
('PAH52120BL', 31.200, 49, 0, 0, 0, 52, 120, 'Blanc', 'Panneau HB', 2, 16),
('PAH52120BR', 24.960, 49, 0, 0, 0, 52, 120, 'Brun', 'Panneau HB', 2, 16),
('PAH5232BL', 8.320, 45, 0, 0, 0, 52, 32, 'Blanc', 'Panneau HB', 2, 16),
('PAH5232BR', 6.656, 42, 0, 0, 0, 52, 32, 'Brun', 'Panneau HB', 2, 16),
('PAH5242BL', 10.920, 44, 0, 0, 0, 52, 42, 'Blanc', 'Panneau HB', 2, 16),
('PAH5242BR', 8.736, 45, 0, 0, 0, 52, 42, 'Brun', 'Panneau HB', 2, 16),
('PAH5252BL', 13.520, 42, 0, 0, 0, 52, 52, 'Blanc', 'Panneau HB', 2, 16),
('PAH5252BR', 10.816, 43, 0, 0, 0, 52, 52, 'Brun', 'Panneau HB', 2, 16),
('PAH5262BL', 16.120, 46, 0, 0, 0, 52, 62, 'Blanc', 'Panneau HB', 2, 16),
('PAH5262BR', 12.896, 42, 0, 0, 0, 52, 62, 'Brun', 'Panneau HB', 2, 16),
('PAH5280BL', 20.800, 41, 0, 0, 0, 52, 80, 'Blanc', 'Panneau HB', 2, 16),
('PAH5280BR', 16.640, 48, 0, 0, 0, 52, 80, 'Brun', 'Panneau HB', 2, 16),
('PAH62100BL', 31.000, 44, 0, 0, 0, 62, 100, 'Blanc', 'Panneau HB', 2, 16),
('PAH62100BR', 24.800, 50, 0, 0, 0, 62, 100, 'Brun', 'Panneau HB', 2, 16),
('PAH62120BL', 37.200, 43, 0, 0, 0, 62, 120, 'Blanc', 'Panneau HB', 2, 16),
('PAH62120BR', 29.760, 45, 0, 0, 0, 62, 120, 'Brun', 'Panneau HB', 2, 16),
('PAH6232BL', 9.920, 44, 0, 0, 0, 62, 32, 'Blanc', 'Panneau HB', 2, 16),
('PAH6232BR', 7.936, 48, 0, 0, 0, 62, 32, 'Brun', 'Panneau HB', 2, 16),
('PAH6242BL', 13.020, 44, 0, 0, 0, 62, 42, 'Blanc', 'Panneau HB', 2, 16),
('PAH6242BR', 10.416, 40, 0, 0, 0, 62, 42, 'Brun', 'Panneau HB', 2, 16),
('PAH6252BL', 16.120, 44, 0, 0, 0, 62, 52, 'Blanc', 'Panneau HB', 2, 16),
('PAH6252BR', 12.896, 45, 0, 0, 0, 62, 52, 'Brun', 'Panneau HB', 2, 16),
('PAH6262BL', 19.220, 46, 0, 0, 0, 62, 62, 'Blanc', 'Panneau HB', 2, 16),
('PAH6262BR', 15.376, 45, 0, 0, 0, 62, 62, 'Brun', 'Panneau HB', 2, 16),
('PAH6280BL', 24.800, 48, 0, 0, 0, 62, 80, 'Blanc', 'Panneau HB', 2, 16),
('PAH6280BR', 19.840, 50, 0, 0, 0, 62, 80, 'Brun', 'Panneau HB', 2, 16),
('PAR32100BL', 16.000, 21, 0, 0, 32, 0, 100, 'Blanc', 'Panneau Ar', 1, 8),
('PAR32100BR', 12.800, 23, 0, 0, 32, 0, 100, 'Brun', 'Panneau Ar', 1, 8),
('PAR32120BL', 19.200, 30, 0, 0, 32, 0, 120, 'Blanc', 'Panneau Ar', 1, 8),
('PAR32120BR', 15.360, 29, 0, 0, 32, 0, 120, 'Brun', 'Panneau Ar', 1, 8),
('PAR3232BL', 5.120, 23, 0, 0, 32, 0, 32, 'Blanc', 'Panneau Ar', 1, 8),
('PAR3232BR', 4.096, 26, 0, 0, 32, 0, 32, 'Brun', 'Panneau Ar', 1, 8),
('PAR3242BL', 6.720, 29, 0, 0, 32, 0, 42, 'Blanc', 'Panneau Ar', 1, 8),
('PAR3242BR', 5.376, 21, 0, 0, 32, 0, 42, 'Brun', 'Panneau Ar', 1, 8),
('PAR3252BL', 8.320, 21, 0, 0, 32, 0, 52, 'Blanc', 'Panneau Ar', 1, 8),
('PAR3252BR', 6.656, 24, 0, 0, 32, 0, 52, 'Brun', 'Panneau Ar', 1, 8),
('PAR3262BL', 9.920, 26, 0, 0, 32, 0, 62, 'Blanc', 'Panneau Ar', 1, 8),
('PAR3262BR', 7.936, 27, 0, 0, 32, 0, 62, 'Brun', 'Panneau Ar', 1, 8),
('PAR3280BL', 12.800, 25, 0, 0, 32, 0, 80, 'Blanc', 'Panneau Ar', 1, 8),
('PAR3280BR', 10.240, 29, 0, 0, 32, 0, 80, 'Brun', 'Panneau Ar', 1, 8),
('PAR42100BL', 26.000, 27, 0, 0, 42, 0, 100, 'Blanc', 'Panneau Ar', 1, 8),
('PAR42100BR', 16.800, 24, 0, 0, 42, 0, 100, 'Brun', 'Panneau Ar', 1, 8),
('PAR42120BL', 31.200, 30, 0, 0, 42, 0, 120, 'Blanc', 'Panneau Ar', 1, 8),
('PAR42120BR', 20.160, 21, 0, 0, 42, 0, 120, 'Brun', 'Panneau Ar', 1, 8),
('PAR4232BL', 8.320, 23, 0, 0, 42, 0, 32, 'Blanc', 'Panneau Ar', 1, 8),
('PAR4232BR', 5.376, 25, 0, 0, 42, 0, 32, 'Brun', 'Panneau Ar', 1, 8),
('PAR4242BL', 10.920, 29, 0, 0, 42, 0, 42, 'Blanc', 'Panneau Ar', 1, 8),
('PAR4242BR', 7.056, 25, 0, 0, 42, 0, 42, 'Brun', 'Panneau Ar', 1, 8),
('PAR4252BL', 13.520, 24, 0, 0, 42, 0, 52, 'Blanc', 'Panneau Ar', 1, 8),
('PAR4252BR', 8.736, 26, 0, 0, 42, 0, 52, 'Brun', 'Panneau Ar', 1, 8),
('PAR4262BL', 16.120, 30, 0, 0, 42, 0, 62, 'Blanc', 'Panneau Ar', 1, 8),
('PAR4262BR', 10.416, 27, 0, 0, 42, 0, 62, 'Brun', 'Panneau Ar', 1, 8),
('PAR4280BL', 20.800, 24, 0, 0, 42, 0, 80, 'Blanc', 'Panneau Ar', 1, 8),
('PAR4280BR', 13.440, 26, 0, 0, 42, 0, 80, 'Brun', 'Panneau Ar', 1, 8),
('PAR52100BL', 26.000, 27, 0, 0, 52, 0, 100, 'Blanc', 'Panneau Ar', 1, 8),
('PAR52100BR', 20.800, 23, 0, 0, 52, 0, 100, 'Brun', 'Panneau Ar', 1, 8),
('PAR52120BL', 31.200, 30, 0, 0, 52, 0, 120, 'Blanc', 'Panneau Ar', 1, 8),
('PAR52120BR', 24.960, 24, 0, 0, 52, 0, 120, 'Brun', 'Panneau Ar', 1, 8),
('PAR5232BL', 8.320, 28, 0, 0, 52, 0, 32, 'Blanc', 'Panneau Ar', 1, 8),
('PAR5232BR', 6.656, 22, 0, 0, 52, 0, 32, 'Brun', 'Panneau Ar', 1, 8),
('PAR5242BL', 10.920, 20, 0, 0, 52, 0, 42, 'Blanc', 'Panneau Ar', 1, 8),
('PAR5242BR', 8.736, 20, 0, 0, 52, 0, 42, 'Brun', 'Panneau Ar', 1, 8),
('PAR5252BL', 13.520, 22, 0, 0, 52, 0, 52, 'Blanc', 'Panneau Ar', 1, 8),
('PAR5252BR', 10.816, 24, 0, 0, 52, 0, 52, 'Brun', 'Panneau Ar', 1, 8),
('PAR5262BL', 16.120, 28, 0, 0, 52, 0, 62, 'Blanc', 'Panneau Ar', 1, 8),
('PAR5262BR', 12.896, 28, 0, 0, 52, 0, 62, 'Brun', 'Panneau Ar', 1, 8),
('PAR5280BL', 20.800, 28, 0, 0, 52, 0, 80, 'Blanc', 'Panneau Ar', 1, 8),
('PAR5280BR', 16.640, 28, 0, 0, 52, 0, 80, 'Brun', 'Panneau Ar', 1, 8),
('POR3232BL', 5.120, 41, 0, 0, 32, 0, 32, 'Blanc', 'Porte ', 2, 16),
('POR3232BR', 5.120, 46, 0, 0, 32, 0, 32, 'Brun', 'Porte ', 2, 16),
('POR3232VE', 10.240, 46, 0, 0, 32, 0, 32, 'Verre', 'Porte ', 2, 16),
('POR3242BL', 6.720, 42, 0, 0, 32, 0, 42, 'Blanc', 'Porte ', 2, 16),
('POR3242BR', 6.720, 42, 0, 0, 32, 0, 42, 'Brun', 'Porte ', 2, 16),
('POR3242VE', 13.440, 50, 0, 0, 32, 0, 42, 'Verre', 'Porte ', 2, 16),
('POR3252BL', 8.320, 46, 0, 0, 32, 0, 52, 'Blanc', 'Porte ', 2, 16),
('POR3252BR', 8.320, 47, 0, 0, 32, 0, 52, 'Brun', 'Porte ', 2, 16),
('POR3252VE', 16.640, 42, 0, 0, 32, 0, 52, 'Verre', 'Porte ', 2, 16),
('POR3262BL', 9.920, 42, 0, 0, 32, 0, 62, 'Blanc', 'Porte ', 2, 16),
('POR3262BR', 9.920, 40, 0, 0, 32, 0, 62, 'Brun', 'Porte ', 2, 16),
('POR3262VE', 19.840, 40, 0, 0, 32, 0, 62, 'Verre', 'Porte ', 2, 16),
('POR4232BL', 6.720, 47, 0, 0, 42, 0, 32, 'Blanc', 'Porte ', 2, 16),
('POR4232BR', 6.720, 46, 0, 0, 42, 0, 32, 'Brun', 'Porte ', 2, 16),
('POR4232VE', 13.440, 43, 0, 0, 42, 0, 32, 'Verre', 'Porte ', 2, 16),
('POR4242BL', 8.820, 44, 0, 0, 42, 0, 42, 'Blanc', 'Porte ', 2, 16),
('POR4242BR', 8.820, 43, 0, 0, 42, 0, 42, 'Brun', 'Porte ', 2, 16),
('POR4242VE', 17.640, 45, 0, 0, 42, 0, 42, 'Verre', 'Porte ', 2, 16),
('POR4252BL', 10.920, 43, 0, 0, 42, 0, 52, 'Blanc', 'Porte ', 2, 16),
('POR4252BR', 10.920, 46, 0, 0, 42, 0, 52, 'Brun', 'Porte ', 2, 16),
('POR4252VE', 21.840, 45, 0, 0, 42, 0, 52, 'Verre', 'Porte ', 2, 16),
('POR4262BL', 13.020, 49, 0, 0, 42, 0, 62, 'Blanc', 'Porte ', 2, 16),
('POR4262BR', 13.020, 49, 0, 0, 42, 0, 62, 'Brun', 'Porte ', 2, 16),
('POR4262VE', 26.040, 48, 0, 0, 42, 0, 62, 'Verre', 'Porte ', 2, 16),
('POR5232BL', 8.320, 47, 0, 0, 52, 0, 32, 'Blanc', 'Porte ', 2, 16),
('POR5232BR', 8.320, 43, 0, 0, 52, 0, 32, 'Brun', 'Porte ', 2, 16),
('POR5232VE', 16.640, 46, 0, 0, 52, 0, 32, 'Verre', 'Porte ', 2, 16),
('POR5242BL', 10.920, 41, 0, 0, 52, 0, 42, 'Blanc', 'Porte ', 2, 16),
('POR5242BR', 10.920, 45, 0, 0, 52, 0, 42, 'Brun', 'Porte ', 2, 16),
('POR5242VE', 21.840, 44, 0, 0, 52, 0, 42, 'Verre', 'Porte ', 2, 16),
('POR5252BL', 13.520, 49, 0, 0, 52, 0, 52, 'Blanc', 'Porte ', 2, 16),
('POR5252BR', 13.520, 42, 0, 0, 52, 0, 52, 'Brun', 'Porte ', 2, 16),
('POR5252VE', 27.040, 47, 0, 0, 52, 0, 52, 'Verre', 'Porte ', 2, 16),
('POR5262BL', 16.120, 40, 0, 0, 52, 0, 62, 'Blanc', 'Porte ', 2, 16),
('POR5262BR', 32.240, 46, 0, 0, 52, 0, 62, 'Brun', 'Porte ', 2, 16),
('POR5262VE', 32.240, 46, 0, 0, 52, 0, 62, 'Verre', 'Porte ', 2, 16),
('TAS27', 0.200, 83, 0, 0, 32, 0, 0, '', 'Tasseau', 4, 32),
('TAS37', 0.300, 84, 0, 0, 42, 0, 0, '', 'Tasseau', 4, 32),
('TAS47', 0.400, 88, 0, 0, 52, 0, 0, '', 'Tasseau', 4, 32),
('TRF100', 2.200, 48, 0, 0, 0, 0, 100, '', 'Traverse Av', 2, 16),
('TRF120', 2.400, 42, 0, 0, 0, 0, 120, '', 'Traverse Av', 2, 16),
('TRF32', 1.500, 45, 0, 0, 0, 0, 32, '', 'Traverse Av', 2, 16),
('TRF42', 1.700, 43, 0, 0, 0, 0, 42, '', 'Traverse Av', 2, 16),
('TRF52', 1.800, 44, 0, 0, 0, 0, 52, '', 'Traverse Av', 2, 16),
('TRF62', 1.900, 42, 0, 0, 0, 0, 62, '', 'Traverse Av', 2, 16),
('TRF80', 2.000, 44, 0, 0, 0, 0, 80, '', 'Traverse Av', 2, 16),
('TRG32', 1.000, 82, 0, 0, 0, 32, 0, '', 'Traverse GD', 4, 32),
('TRG42', 1.200, 83, 0, 0, 0, 42, 0, '', 'Traverse GD', 4, 32),
('TRG52', 1.400, 82, 0, 0, 0, 52, 0, '', 'Traverse GD', 4, 32),
('TRG62', 1.600, 82, 0, 0, 0, 62, 0, '', 'Traverse GD', 4, 32),
('TRR100', 2.000, 49, 0, 0, 0, 0, 100, '', 'Traverse Ar', 2, 16),
('TRR120', 2.200, 49, 0, 0, 0, 0, 120, '', 'Traverse Ar', 2, 16),
('TRR32', 1.000, 41, 0, 0, 0, 0, 32, '', 'Traverse Ar', 2, 16),
('TRR42', 1.200, 44, 0, 0, 0, 0, 42, '', 'Traverse Ar', 2, 16),
('TRR52', 1.400, 44, 0, 0, 0, 0, 52, '', 'Traverse Ar', 2, 16),
('TRR62', 1.600, 44, 0, 0, 0, 0, 62, '', 'Traverse Ar', 2, 16),
('TRR80', 1.800, 45, 0, 0, 0, 0, 80, '', 'Traverse Ar', 2, 16);

-- --------------------------------------------------------

--
-- Structure de la table `fournisseur`
--

CREATE TABLE IF NOT EXISTS `fournisseur` (
  `fournisseur` int(11) NOT NULL AUTO_INCREMENT,
  `nom` varchar(45) DEFAULT NULL,
  `adresse` varchar(100) DEFAULT NULL,
  PRIMARY KEY (`fournisseur`)
) ENGINE=InnoDB  DEFAULT CHARSET=utf8 AUTO_INCREMENT=3 ;

--
-- Contenu de la table `fournisseur`
--

INSERT INTO `fournisseur` (`fournisseur`, `nom`, `adresse`) VALUES
(1, 'Diffusion menuiserie', ' Avenue des Etats-Unis 110, 6041 Gosselies'),
(2, 'Decoux', 'rue du monument 69, 1340 Ottignies LLN');

-- --------------------------------------------------------

--
-- Structure de la table `linkcommandeelement`
--

CREATE TABLE IF NOT EXISTS `linkcommandeelement` (
  `FK_element` varchar(45) NOT NULL,
  `FK_commande` int(11) NOT NULL,
  `quantiteTotale` int(11) NOT NULL,
  `prix` decimal(10,2) NOT NULL,
  `quantiteRetiree` int(11) NOT NULL,
  PRIMARY KEY (`FK_element`,`FK_commande`),
  KEY `FK_commande_idx` (`FK_commande`)
) ENGINE=InnoDB DEFAULT CHARSET=utf8;

-- --------------------------------------------------------

--
-- Structure de la table `linkelementfournisseur`
--

CREATE TABLE IF NOT EXISTS `linkelementfournisseur` (
  `FK_element` varchar(45) NOT NULL,
  `FK_fournisseur` int(11) NOT NULL,
  `delai` int(11) NOT NULL,
  `prix` double(10,3) NOT NULL,
  PRIMARY KEY (`FK_element`,`FK_fournisseur`),
  KEY `fournisseur` (`FK_fournisseur`)
) ENGINE=InnoDB DEFAULT CHARSET=utf8;

--
-- Contenu de la table `linkelementfournisseur`
--

INSERT INTO `linkelementfournisseur` (`FK_element`, `FK_fournisseur`, `delai`, `prix`) VALUES
('COR100BLDEC', 1, 6, 1.080),
('COR100BLDEC', 2, 18, 0.720),
('COR100BRDEC', 1, 12, 0.870),
('COR100BRDEC', 2, 8, 0.520),
('COR100GLDEC', 1, 5, 1.130),
('COR100GLDEC', 2, 12, 0.620),
('COR100NRDEC', 1, 10, 0.770),
('COR100NRDEC', 2, 14, 0.460),
('COR108BL', 1, 7, 0.850),
('COR108BL', 2, 13, 0.650),
('COR108BR', 1, 7, 0.690),
('COR108BR', 2, 11, 0.480),
('COR108GL', 1, 6, 0.840),
('COR108GL', 2, 14, 0.660),
('COR108NR', 1, 13, 0.550),
('COR108NR', 2, 15, 0.440),
('COR112BL', 1, 12, 0.890),
('COR112BL', 2, 13, 0.740),
('COR112BR', 1, 5, 0.740),
('COR112BR', 2, 11, 0.540),
('COR112GL', 1, 8, 0.940),
('COR112GL', 2, 14, 0.680),
('COR112NR', 1, 6, 0.620),
('COR112NR', 2, 12, 0.450),
('COR125BLDEC', 1, 7, 1.280),
('COR125BLDEC', 2, 13, 0.780),
('COR125BRDEC', 1, 7, 1.040),
('COR125BRDEC', 2, 11, 0.580),
('COR125GLDEC', 1, 6, 1.260),
('COR125GLDEC', 2, 14, 0.790),
('COR125NRDEC', 1, 13, 0.830),
('COR125NRDEC', 2, 15, 0.530),
('COR138BL', 1, 11, 1.080),
('COR138BL', 2, 14, 0.800),
('COR138BR', 1, 12, 0.850),
('COR138BR', 2, 15, 0.640),
('COR138GL', 1, 6, 1.020),
('COR138GL', 2, 11, 0.880),
('COR138NR', 1, 11, 0.750),
('COR138NR', 2, 13, 0.550),
('COR144BL', 1, 3, 1.080),
('COR144BL', 2, 14, 0.850),
('COR144BR', 1, 11, 0.820),
('COR144BR', 2, 13, 0.680),
('COR144GL', 1, 12, 1.130),
('COR144GL', 2, 9, 0.840),
('COR144NR', 1, 5, 0.800),
('COR144NR', 2, 11, 0.620),
('COR150BLDEC', 1, 11, 1.620),
('COR150BLDEC', 2, 14, 0.960),
('COR150BRDEC', 1, 12, 1.280),
('COR150BRDEC', 2, 15, 0.770),
('COR150GLDEC', 1, 6, 1.530),
('COR150GLDEC', 2, 11, 1.060),
('COR150NRDEC', 1, 11, 1.130),
('COR150NRDEC', 2, 13, 0.660),
('COR168BL', 1, 5, 1.300),
('COR168BL', 2, 12, 1.060),
('COR168BR', 1, 4, 1.080),
('COR168BR', 2, 16, 0.790),
('COR168GL', 1, 11, 1.270),
('COR168GL', 2, 15, 1.050),
('COR168NR', 1, 11, 0.990),
('COR168NR', 2, 16, 0.730),
('COR175BLDEC', 1, 5, 1.950),
('COR175BLDEC', 2, 12, 1.270),
('COR175BRDEC', 1, 4, 1.620),
('COR175BRDEC', 2, 16, 0.950),
('COR175GLDEC', 1, 11, 1.910),
('COR175GLDEC', 2, 15, 1.260),
('COR175NRDEC', 1, 11, 1.490),
('COR175NRDEC', 2, 16, 0.880),
('COR180BL', 1, 7, 1.330),
('COR180BL', 2, 9, 1.020),
('COR180BR', 1, 11, 1.110),
('COR180BR', 2, 9, 0.800),
('COR180GL', 1, 9, 1.330),
('COR180GL', 2, 9, 1.050),
('COR180NR', 1, 9, 0.940),
('COR180NR', 2, 11, 0.700),
('COR184BL', 1, 3, 1.360),
('COR184BL', 2, 16, 1.110),
('COR184BR', 1, 5, 1.200),
('COR184BR', 2, 17, 0.830),
('COR184GL', 1, 11, 1.460),
('COR184GL', 2, 17, 1.110),
('COR184NR', 1, 6, 1.040),
('COR184NR', 2, 17, 0.750),
('COR200BLDEC', 1, 3, 2.040),
('COR200BLDEC', 2, 16, 1.330),
('COR200BRDEC', 1, 5, 1.800),
('COR200BRDEC', 2, 17, 1.000),
('COR200GLDEC', 1, 11, 2.190),
('COR200GLDEC', 2, 17, 1.330),
('COR200NRDEC', 1, 6, 1.560),
('COR200NRDEC', 2, 17, 0.900),
('COR216BL', 1, 10, 1.630),
('COR216BL', 2, 14, 1.300),
('COR216BR', 1, 11, 1.240),
('COR216BR', 2, 8, 1.050),
('COR216GL', 1, 10, 1.710),
('COR216GL', 2, 13, 1.210),
('COR216NR', 1, 9, 1.170),
('COR216NR', 2, 13, 0.920),
('COR224BL', 1, 7, 1.710),
('COR224BL', 2, 10, 1.330),
('COR224BR', 1, 9, 1.460),
('COR224BR', 2, 11, 1.140),
('COR224GL', 1, 4, 1.690),
('COR224GL', 2, 16, 1.380),
('COR224NR', 1, 6, 1.250),
('COR224NR', 2, 13, 0.880),
('COR225BLDEC', 1, 10, 2.450),
('COR225BLDEC', 2, 14, 1.560),
('COR225BRDEC', 1, 11, 1.860),
('COR225BRDEC', 2, 8, 1.260),
('COR225GLDEC', 1, 10, 2.570),
('COR225GLDEC', 2, 13, 1.450),
('COR225NRDEC', 1, 9, 1.760),
('COR225NRDEC', 2, 13, 1.100),
('COR230BL', 1, 4, 1.710),
('COR230BL', 2, 15, 1.420),
('COR230BR', 1, 6, 1.440),
('COR230BR', 2, 13, 1.140),
('COR230GL', 1, 9, 1.730),
('COR230GL', 2, 15, 1.390),
('COR230NR', 1, 11, 1.280),
('COR230NR', 2, 17, 0.960),
('COR250BLDEC', 1, 9, 2.720),
('COR250BLDEC', 2, 17, 1.680),
('COR250BRDEC', 1, 10, 2.300),
('COR250BRDEC', 2, 17, 1.450),
('COR250GLDEC', 1, 3, 2.760),
('COR250GLDEC', 2, 13, 1.850),
('COR250NRDEC', 1, 9, 1.910),
('COR250NRDEC', 2, 16, 1.180),
('COR252BL', 1, 9, 1.810),
('COR252BL', 2, 17, 1.400),
('COR252BR', 1, 10, 1.530),
('COR252BR', 2, 17, 1.210),
('COR252GL', 1, 3, 1.840),
('COR252GL', 2, 13, 1.540),
('COR252NR', 1, 9, 1.270),
('COR252NR', 2, 16, 0.980),
('COR275BLDEC', 1, 7, 3.240),
('COR275BLDEC', 2, 14, 1.970),
('COR275BRDEC', 1, 13, 2.400),
('COR275BRDEC', 2, 13, 1.540),
('COR275GLDEC', 1, 7, 3.050),
('COR275GLDEC', 2, 17, 1.840),
('COR275NRDEC', 1, 7, 2.280),
('COR275NRDEC', 2, 12, 1.420),
('COR276BL', 1, 7, 2.160),
('COR276BL', 2, 14, 1.640),
('COR276BR', 1, 13, 1.600),
('COR276BR', 2, 13, 1.280),
('COR276GL', 1, 7, 2.030),
('COR276GL', 2, 17, 1.530),
('COR276NR', 1, 7, 1.520),
('COR276NR', 2, 12, 1.180),
('COR280BL', 1, 10, 2.300),
('COR280BL', 2, 10, 1.750),
('COR280BR', 1, 10, 1.840),
('COR280BR', 2, 11, 1.400),
('COR280GL', 1, 13, 2.260),
('COR280GL', 2, 15, 1.660),
('COR280NR', 1, 8, 1.490),
('COR280NR', 2, 15, 1.240),
('COR300BLDEC', 1, 10, 3.450),
('COR300BLDEC', 2, 10, 2.100),
('COR300BRDEC', 1, 10, 2.760),
('COR300BRDEC', 2, 11, 1.680),
('COR300GLDEC', 1, 13, 3.390),
('COR300GLDEC', 2, 15, 1.990),
('COR300NRDEC', 1, 8, 2.240),
('COR300NRDEC', 2, 15, 1.490),
('COR325BLDEC', 1, 10, 3.450),
('COR325BLDEC', 2, 10, 2.100),
('COR325BRDEC', 1, 10, 2.760),
('COR325BRDEC', 2, 11, 1.680),
('COR325GLDEC', 1, 13, 3.390),
('COR325GLDEC', 2, 15, 1.990),
('COR325NRDEC', 1, 8, 2.240),
('COR325NRDEC', 2, 15, 1.490),
('COR350BLDEC', 1, 10, 3.450),
('COR350BLDEC', 2, 10, 2.100),
('COR350BRDEC', 1, 10, 2.760),
('COR350BRDEC', 2, 11, 1.680),
('COR350GLDEC', 1, 13, 3.390),
('COR350GLDEC', 2, 15, 1.990),
('COR350NRDEC', 1, 8, 2.240),
('COR350NRDEC', 2, 15, 1.490),
('COR36BL', 1, 3, 0.300),
('COR36BL', 2, 9, 0.230),
('COR36BR', 1, 6, 0.240),
('COR36BR', 2, 16, 0.180),
('COR36GL', 1, 7, 0.300),
('COR36GL', 2, 14, 0.240),
('COR36NR', 1, 7, 0.210),
('COR36NR', 2, 17, 0.150),
('COR375BLDEC', 1, 10, 3.450),
('COR375BLDEC', 2, 10, 2.100),
('COR375BRDEC', 1, 10, 2.760),
('COR375BRDEC', 2, 11, 1.680),
('COR375GLDEC', 1, 13, 3.390),
('COR375GLDEC', 2, 15, 1.990),
('COR375NRDEC', 1, 8, 2.240),
('COR375NRDEC', 2, 15, 1.490),
('COR46BL', 1, 12, 0.370),
('COR46BL', 2, 9, 0.300),
('COR46BR', 1, 4, 0.290),
('COR46BR', 2, 9, 0.240),
('COR46GL', 1, 10, 0.370),
('COR46GL', 2, 14, 0.270),
('COR46NR', 1, 9, 0.260),
('COR46NR', 2, 11, 0.200),
('COR50BLDEC', 1, 3, 0.690),
('COR50BLDEC', 2, 9, 0.420),
('COR50BRDEC', 1, 9, 0.570),
('COR50BRDEC', 2, 13, 0.320),
('COR50GLDEC', 1, 8, 0.720),
('COR50GLDEC', 2, 15, 0.440),
('COR50NRDEC', 1, 6, 0.510),
('COR50NRDEC', 2, 12, 0.320),
('COR56BL', 1, 3, 0.460),
('COR56BL', 2, 9, 0.350),
('COR56BR', 1, 9, 0.380),
('COR56BR', 2, 13, 0.270),
('COR56GL', 1, 8, 0.480),
('COR56GL', 2, 15, 0.370),
('COR56NR', 1, 6, 0.340),
('COR56NR', 2, 12, 0.270),
('COR72BL', 1, 12, 0.540),
('COR72BL', 2, 18, 0.450),
('COR72BR', 1, 12, 0.460),
('COR72BR', 2, 12, 0.370),
('COR72GL', 1, 4, 0.580),
('COR72GL', 2, 13, 0.400),
('COR72NR', 1, 13, 0.390),
('COR72NR', 2, 13, 0.310),
('COR75BLDEC', 1, 12, 0.810),
('COR75BLDEC', 2, 18, 0.540),
('COR75BRDEC', 1, 12, 0.690),
('COR75BRDEC', 2, 12, 0.440),
('COR75GLDEC', 1, 4, 0.870),
('COR75GLDEC', 2, 13, 0.480),
('COR75NRDEC', 1, 13, 0.590),
('COR75NRDEC', 2, 13, 0.370),
('COR92BL', 1, 6, 0.720),
('COR92BL', 2, 18, 0.600),
('COR92BR', 1, 12, 0.580),
('COR92BR', 2, 8, 0.430),
('COR92GL', 1, 5, 0.750),
('COR92GL', 2, 12, 0.520),
('COR92NR', 1, 10, 0.510),
('COR92NR', 2, 14, 0.380),
('COUPEL', 1, 13, 0.004),
('COUPEL', 2, 13, 0.004),
('PAG3232BL', 1, 13, 4.530),
('PAG3232BL', 2, 12, 3.430),
('PAG3232BR', 1, 9, 3.600),
('PAG3232BR', 2, 17, 2.520),
('PAG3242BL', 1, 10, 5.820),
('PAG3242BL', 2, 12, 4.120),
('PAG3242BR', 1, 6, 4.470),
('PAG3242BR', 2, 10, 3.280),
('PAG3252BL', 1, 7, 6.900),
('PAG3252BL', 2, 10, 5.620),
('PAG3252BR', 1, 7, 5.490),
('PAG3252BR', 2, 11, 4.250),
('PAG3262BL', 1, 5, 8.310),
('PAG3262BL', 2, 10, 6.310),
('PAG3262BR', 1, 13, 6.490),
('PAG3262BR', 2, 9, 4.900),
('PAG4232BL', 1, 11, 5.460),
('PAG4232BL', 2, 9, 4.300),
('PAG4232BR', 1, 9, 4.420),
('PAG4232BR', 2, 15, 3.580),
('PAG4242BL', 1, 6, 7.650),
('PAG4242BL', 2, 14, 5.790),
('PAG4242BR', 1, 9, 6.200),
('PAG4242BR', 2, 8, 4.840),
('PAG4252BL', 1, 5, 9.160),
('PAG4252BL', 2, 10, 7.090),
('PAG4252BR', 1, 8, 7.050),
('PAG4252BR', 2, 14, 5.980),
('PAG4262BL', 1, 7, 10.930),
('PAG4262BL', 2, 17, 9.060),
('PAG4262BR', 1, 4, 9.290),
('PAG4262BR', 2, 15, 6.910),
('PAG5232BL', 1, 9, 6.830),
('PAG5232BL', 2, 11, 5.710),
('PAG5232BR', 1, 5, 5.390),
('PAG5232BR', 2, 14, 4.620),
('PAG5242BL', 1, 9, 9.320),
('PAG5242BL', 2, 12, 7.050),
('PAG5242BR', 1, 3, 7.360),
('PAG5242BR', 2, 16, 5.550),
('PAG5252BL', 1, 6, 11.510),
('PAG5252BL', 2, 9, 9.440),
('PAG5252BR', 1, 11, 8.810),
('PAG5252BR', 2, 9, 7.270),
('PAG5262BL', 1, 12, 14.350),
('PAG5262BL', 2, 17, 10.430),
('PAG5262BR', 1, 11, 11.000),
('PAG5262BR', 2, 13, 8.750),
('PAH32100BL', 1, 6, 12.970),
('PAH32100BL', 2, 15, 11.070),
('PAH32100BR', 1, 10, 11.290),
('PAH32100BR', 2, 9, 7.770),
('PAH32120BL', 1, 6, 16.990),
('PAH32120BL', 2, 11, 12.390),
('PAH32120BR', 1, 9, 13.300),
('PAH32120BR', 2, 14, 10.730),
('PAH3232BL', 1, 7, 4.310),
('PAH3232BL', 2, 14, 3.330),
('PAH3232BR', 1, 9, 3.340),
('PAH3232BR', 2, 14, 2.640),
('PAH3242BL', 1, 4, 5.410),
('PAH3242BL', 2, 17, 4.330),
('PAH3242BR', 1, 7, 4.300),
('PAH3242BR', 2, 16, 3.610),
('PAH3252BL', 1, 11, 6.660),
('PAH3252BL', 2, 17, 5.310),
('PAH3252BR', 1, 11, 5.670),
('PAH3252BR', 2, 15, 4.510),
('PAH3262BL', 1, 8, 8.490),
('PAH3262BL', 2, 14, 6.310),
('PAH3262BR', 1, 4, 6.920),
('PAH3262BR', 2, 11, 4.940),
('PAH3280BL', 1, 11, 10.730),
('PAH3280BL', 2, 13, 8.220),
('PAH3280BR', 1, 8, 8.600),
('PAH3280BR', 2, 17, 6.200),
('PAH42100BL', 1, 6, 17.700),
('PAH42100BL', 2, 10, 14.300),
('PAH42100BR', 1, 4, 15.010),
('PAH42100BR', 2, 8, 10.230),
('PAH42120BL', 1, 13, 22.210),
('PAH42120BL', 2, 10, 16.220),
('PAH42120BR', 1, 8, 17.650),
('PAH42120BR', 2, 15, 12.400),
('PAH4232BL', 1, 3, 5.710),
('PAH4232BL', 2, 17, 4.550),
('PAH4232BR', 1, 10, 4.410),
('PAH4232BR', 2, 9, 3.340),
('PAH4242BL', 1, 4, 7.330),
('PAH4242BL', 2, 18, 5.950),
('PAH4242BR', 1, 9, 5.920),
('PAH4242BR', 2, 11, 4.700),
('PAH4252BL', 1, 7, 9.720),
('PAH4252BL', 2, 13, 6.950),
('PAH4252BR', 1, 5, 7.070),
('PAH4252BR', 2, 16, 5.870),
('PAH4262BL', 1, 11, 10.910),
('PAH4262BL', 2, 10, 8.550),
('PAH4262BR', 1, 6, 9.280),
('PAH4262BR', 2, 16, 7.110),
('PAH4280BL', 1, 7, 13.600),
('PAH4280BL', 2, 12, 11.460),
('PAH4280BR', 1, 12, 11.020),
('PAH4280BR', 2, 10, 8.220),
('PAH52100BL', 1, 4, 23.330),
('PAH52100BL', 2, 15, 18.150),
('PAH52100BR', 1, 12, 17.940),
('PAH52100BR', 2, 14, 14.200),
('PAH52120BL', 1, 6, 28.000),
('PAH52120BL', 2, 16, 20.470),
('PAH52120BR', 1, 6, 20.670),
('PAH52120BR', 2, 8, 16.370),
('PAH5232BL', 1, 5, 7.250),
('PAH5232BL', 2, 8, 5.060),
('PAH5232BR', 1, 8, 5.440),
('PAH5232BR', 2, 10, 4.120),
('PAH5242BL', 1, 12, 9.460),
('PAH5242BL', 2, 12, 7.320),
('PAH5242BR', 1, 7, 7.030),
('PAH5242BR', 2, 15, 5.480),
('PAH5252BL', 1, 8, 11.250),
('PAH5252BL', 2, 14, 8.460),
('PAH5252BR', 1, 12, 9.670),
('PAH5252BR', 2, 14, 6.510),
('PAH5262BL', 1, 12, 13.650),
('PAH5262BL', 2, 12, 11.020),
('PAH5262BR', 1, 6, 10.830),
('PAH5262BR', 2, 17, 8.750),
('PAH5280BL', 1, 7, 17.550),
('PAH5280BL', 2, 12, 12.670),
('PAH5280BR', 1, 7, 14.270),
('PAH5280BR', 2, 9, 10.380),
('PAH62100BL', 1, 4, 26.080),
('PAH62100BL', 2, 16, 20.870),
('PAH62100BR', 1, 12, 21.160),
('PAH62100BR', 2, 17, 15.110),
('PAH62120BL', 1, 6, 33.130),
('PAH62120BL', 2, 17, 25.730),
('PAH62120BR', 1, 12, 26.550),
('PAH62120BR', 2, 9, 18.220),
('PAH6232BL', 1, 11, 8.920),
('PAH6232BL', 2, 14, 6.760),
('PAH6232BR', 1, 5, 6.520),
('PAH6232BR', 2, 17, 5.120),
('PAH6242BL', 1, 6, 11.020),
('PAH6242BL', 2, 17, 8.380),
('PAH6242BR', 1, 11, 9.120),
('PAH6242BR', 2, 16, 6.390),
('PAH6252BL', 1, 6, 14.100),
('PAH6252BL', 2, 12, 9.680),
('PAH6252BR', 1, 10, 11.560),
('PAH6252BR', 2, 10, 8.040),
('PAH6262BL', 1, 12, 15.860),
('PAH6262BL', 2, 14, 12.920),
('PAH6262BR', 1, 7, 13.410),
('PAH6262BR', 2, 12, 10.410),
('PAH6280BL', 1, 5, 22.200),
('PAH6280BL', 2, 10, 15.100),
('PAH6280BR', 1, 7, 17.800),
('PAH6280BR', 2, 18, 12.210),
('PAR32100BL', 1, 13, 12.920),
('PAR32100BL', 2, 14, 9.810),
('PAR32100BR', 1, 11, 11.310),
('PAR32100BR', 2, 11, 8.930),
('PAR32120BL', 1, 6, 15.540),
('PAR32120BL', 2, 10, 12.310),
('PAR32120BR', 1, 5, 13.310),
('PAR32120BR', 2, 17, 10.090),
('PAR3232BL', 1, 10, 4.240),
('PAR3232BL', 2, 14, 3.340),
('PAR3232BR', 1, 7, 3.290),
('PAR3232BR', 2, 16, 2.460),
('PAR3242BL', 1, 7, 6.000),
('PAR3242BL', 2, 13, 4.360),
('PAR3242BR', 1, 8, 4.460),
('PAR3242BR', 2, 13, 3.340),
('PAR3252BL', 1, 7, 7.360),
('PAR3252BL', 2, 14, 5.510),
('PAR3252BR', 1, 4, 5.650),
('PAR3252BR', 2, 10, 4.280),
('PAR3262BL', 1, 12, 8.880),
('PAR3262BL', 2, 17, 6.220),
('PAR3262BR', 1, 7, 6.430),
('PAR3262BR', 2, 8, 5.510),
('PAR3280BL', 1, 10, 10.430),
('PAR3280BL', 2, 12, 8.170),
('PAR3280BR', 1, 3, 8.440),
('PAR3280BR', 2, 11, 6.160),
('PAR42100BL', 1, 6, 22.630),
('PAR42100BL', 2, 11, 16.300),
('PAR42100BR', 1, 13, 13.610),
('PAR42100BR', 2, 15, 10.120),
('PAR42120BL', 1, 7, 25.980),
('PAR42120BL', 2, 16, 21.590),
('PAR42120BR', 1, 10, 16.160),
('PAR42120BR', 2, 10, 13.250),
('PAR4232BL', 1, 10, 7.100),
('PAR4232BL', 2, 14, 5.710),
('PAR4232BR', 1, 13, 4.660),
('PAR4232BR', 2, 17, 3.530),
('PAR4242BL', 1, 4, 9.820),
('PAR4242BL', 2, 9, 7.030),
('PAR4242BR', 1, 10, 5.730),
('PAR4242BR', 2, 15, 4.710),
('PAR4252BL', 1, 7, 11.720),
('PAR4252BL', 2, 13, 8.480),
('PAR4252BR', 1, 10, 7.240),
('PAR4252BR', 2, 11, 5.680),
('PAR4262BL', 1, 6, 13.690),
('PAR4262BL', 2, 17, 10.640),
('PAR4262BR', 1, 5, 9.090),
('PAR4262BR', 2, 17, 6.750),
('PAR4280BL', 1, 6, 16.860),
('PAR4280BL', 2, 8, 13.830),
('PAR4280BR', 1, 4, 11.330),
('PAR4280BR', 2, 17, 9.410),
('PAR52100BL', 1, 9, 21.890),
('PAR52100BL', 2, 9, 17.850),
('PAR52100BR', 1, 7, 17.200),
('PAR52100BR', 2, 13, 14.070),
('PAR52120BL', 1, 6, 26.990),
('PAR52120BL', 2, 18, 20.810),
('PAR52120BR', 1, 9, 19.980),
('PAR52120BR', 2, 10, 16.120),
('PAR5232BL', 1, 5, 7.320),
('PAR5232BL', 2, 17, 5.330),
('PAR5232BR', 1, 9, 5.990),
('PAR5232BR', 2, 10, 4.110),
('PAR5242BL', 1, 9, 9.110),
('PAR5242BL', 2, 16, 7.520),
('PAR5242BR', 1, 5, 7.480),
('PAR5242BR', 2, 14, 5.640),
('PAR5252BL', 1, 9, 10.980),
('PAR5252BL', 2, 14, 8.450),
('PAR5252BR', 1, 8, 9.260),
('PAR5252BR', 2, 10, 6.660),
('PAR5262BL', 1, 11, 14.090),
('PAR5262BL', 2, 15, 10.720),
('PAR5262BR', 1, 8, 10.670),
('PAR5262BR', 2, 15, 8.460),
('PAR5280BL', 1, 13, 16.910),
('PAR5280BL', 2, 18, 13.570),
('PAR5280BR', 1, 13, 14.230),
('PAR5280BR', 2, 17, 10.310),
('POR3232BL', 1, 7, 4.310),
('POR3232BL', 2, 8, 3.140),
('POR3232BR', 1, 4, 4.140),
('POR3232BR', 2, 8, 3.450),
('POR3232VE', 1, 11, 8.790),
('POR3232VE', 2, 16, 6.300),
('POR3242BL', 1, 10, 5.600),
('POR3242BL', 2, 14, 4.350),
('POR3242BR', 1, 7, 5.980),
('POR3242BR', 2, 13, 4.680),
('POR3242VE', 1, 5, 11.230),
('POR3242VE', 2, 14, 9.000),
('POR3252BL', 1, 12, 6.820),
('POR3252BL', 2, 13, 5.530),
('POR3252BR', 1, 5, 7.310),
('POR3252BR', 2, 14, 5.400),
('POR3252VE', 1, 11, 13.480),
('POR3252VE', 2, 15, 11.530),
('POR3262BL', 1, 12, 7.950),
('POR3262BL', 2, 14, 6.880),
('POR3262BR', 1, 7, 8.400),
('POR3262BR', 2, 17, 5.970),
('POR3262VE', 1, 6, 17.740),
('POR3262VE', 2, 10, 13.050),
('POR4232BL', 1, 6, 5.690),
('POR4232BL', 2, 17, 4.200),
('POR4232BR', 1, 11, 5.960),
('POR4232BR', 2, 11, 4.430),
('POR4232VE', 1, 10, 11.570),
('POR4232VE', 2, 18, 8.720),
('POR4242BL', 1, 6, 7.230),
('POR4242BL', 2, 13, 5.840),
('POR4242BR', 1, 12, 7.410),
('POR4242BR', 2, 15, 5.750),
('POR4242VE', 1, 10, 15.270),
('POR4242VE', 2, 15, 10.700),
('POR4252BL', 1, 10, 9.560),
('POR4252BL', 2, 10, 6.670),
('POR4252BR', 1, 4, 9.760),
('POR4252BR', 2, 12, 7.150),
('POR4252VE', 1, 5, 19.470),
('POR4252VE', 2, 15, 14.890),
('POR4262BL', 1, 5, 11.160),
('POR4262BL', 2, 11, 8.230),
('POR4262BR', 1, 5, 11.540),
('POR4262BR', 2, 17, 7.830),
('POR4262VE', 1, 9, 20.850),
('POR4262VE', 2, 15, 18.220),
('POR5232BL', 1, 7, 7.250),
('POR5232BL', 2, 16, 5.230),
('POR5232BR', 1, 11, 7.150),
('POR5232BR', 2, 13, 5.240),
('POR5232VE', 1, 13, 13.700),
('POR5232VE', 2, 9, 11.120),
('POR5242BL', 1, 12, 9.120),
('POR5242BL', 2, 14, 6.960),
('POR5242BR', 1, 3, 8.760),
('POR5242BR', 2, 10, 6.970),
('POR5242VE', 1, 12, 18.810),
('POR5242VE', 2, 15, 14.550),
('POR5252BL', 1, 11, 11.010),
('POR5252BL', 2, 10, 8.290),
('POR5252BR', 1, 6, 11.660),
('POR5252BR', 2, 12, 8.430),
('POR5252VE', 1, 12, 23.040),
('POR5252VE', 2, 11, 17.020),
('POR5262BL', 1, 4, 13.860),
('POR5262BL', 2, 13, 10.950),
('POR5262BR', 1, 11, 25.990),
('POR5262BR', 2, 10, 21.360),
('POR5262VE', 1, 8, 27.450),
('POR5262VE', 2, 17, 20.610),
('TAS27', 1, 10, 0.170),
('TAS27', 2, 14, 0.130),
('TAS37', 1, 4, 0.250),
('TAS37', 2, 8, 0.190),
('TAS47', 1, 10, 0.340),
('TAS47', 2, 10, 0.240),
('TRF100', 1, 5, 1.930),
('TRF100', 2, 12, 1.480),
('TRF120', 1, 5, 1.980),
('TRF120', 2, 8, 1.630),
('TRF32', 1, 8, 1.320),
('TRF32', 2, 16, 1.050),
('TRF42', 1, 8, 1.490),
('TRF42', 2, 14, 1.170),
('TRF52', 1, 6, 1.530),
('TRF52', 2, 9, 1.200),
('TRF62', 1, 8, 1.630),
('TRF62', 2, 16, 1.280),
('TRF80', 1, 4, 1.610),
('TRF80', 2, 12, 1.210),
('TRG32', 1, 9, 0.900),
('TRG32', 2, 11, 0.630),
('TRG42', 1, 4, 1.010),
('TRG42', 2, 17, 0.760),
('TRG52', 1, 12, 1.210),
('TRG52', 2, 14, 0.850),
('TRG62', 1, 8, 1.430),
('TRG62', 2, 12, 0.980),
('TRR100', 1, 10, 1.670),
('TRR100', 2, 10, 1.260),
('TRR120', 1, 4, 1.880),
('TRR120', 2, 10, 1.380),
('TRR32', 1, 8, 0.890),
('TRR32', 2, 10, 0.690),
('TRR42', 1, 10, 0.980),
('TRR42', 2, 10, 0.750),
('TRR52', 1, 6, 1.200),
('TRR52', 2, 10, 0.940),
('TRR62', 1, 12, 1.350),
('TRR62', 2, 10, 1.110),
('TRR80', 1, 3, 1.520),
('TRR80', 2, 11, 1.160);

--
-- Contraintes pour les tables exportées
--

--
-- Contraintes pour la table `commande`
--
ALTER TABLE `commande`
  ADD CONSTRAINT `FK_client` FOREIGN KEY (`FK_client`) REFERENCES `client` (`PK_client`) ON DELETE NO ACTION ON UPDATE NO ACTION;

--
-- Contraintes pour la table `linkcommandeelement`
--
ALTER TABLE `linkcommandeelement`
  ADD CONSTRAINT `linkcommandeelement_ibfk_1` FOREIGN KEY (`FK_element`) REFERENCES `element` (`PK_code`),
  ADD CONSTRAINT `FK_commande` FOREIGN KEY (`FK_commande`) REFERENCES `commande` (`PK_refCommande`) ON DELETE CASCADE ON UPDATE CASCADE;

--
-- Contraintes pour la table `linkelementfournisseur`
--
ALTER TABLE `linkelementfournisseur`
  ADD CONSTRAINT `linkelementfournisseur_ibfk_3` FOREIGN KEY (`FK_element`) REFERENCES `element` (`PK_code`),
  ADD CONSTRAINT `linkelementfournisseur_ibfk_2` FOREIGN KEY (`FK_fournisseur`) REFERENCES `fournisseur` (`fournisseur`) ON DELETE CASCADE ON UPDATE CASCADE;

/*!40101 SET CHARACTER_SET_CLIENT=@OLD_CHARACTER_SET_CLIENT */;
/*!40101 SET CHARACTER_SET_RESULTS=@OLD_CHARACTER_SET_RESULTS */;
/*!40101 SET COLLATION_CONNECTION=@OLD_COLLATION_CONNECTION */;
