-- phpMyAdmin SQL Dump
-- version 4.1.14
-- http://www.phpmyadmin.net
--
-- Client :  127.0.0.1
-- Généré le :  Lun 07 Mars 2016 à 10:48
-- Version du serveur :  5.6.17
-- Version de PHP :  5.5.12

SET SQL_MODE = "NO_AUTO_VALUE_ON_ZERO";
SET time_zone = "+00:00";


/*!40101 SET @OLD_CHARACTER_SET_CLIENT=@@CHARACTER_SET_CLIENT */;
/*!40101 SET @OLD_CHARACTER_SET_RESULTS=@@CHARACTER_SET_RESULTS */;
/*!40101 SET @OLD_COLLATION_CONNECTION=@@COLLATION_CONNECTION */;
/*!40101 SET NAMES utf8 */;

--
-- Base de données :  `kittybox`
--

-- --------------------------------------------------------

--
-- Structure de la table `client`
--

CREATE TABLE IF NOT EXISTS `client` (
  `PK_client` int(11) NOT NULL AUTO_INCREMENT,
  `telephone` varchar(11) NOT NULL,
  `adresse` varchar(100) NOT NULL,
  `nom` varchar(45) NOT NULL,
  PRIMARY KEY (`PK_client`)
) ENGINE=InnoDB  DEFAULT CHARSET=utf8 AUTO_INCREMENT=3 ;

--
-- Contenu de la table `client`
--

INSERT INTO `client` (`PK_client`, `telephone`, `adresse`, `nom`) VALUES
(1, '010 25 68 9', 'rue du potier 3, 1000 Bruxelles', 'John Doe'),
(2, '02 47 98 45', 'Avenue des barakis 69, 6000 Charleroi', 'Donovan Bonucci');

-- --------------------------------------------------------

--
-- Structure de la table `commande`
--

CREATE TABLE IF NOT EXISTS `commande` (
  `PK_refCommande` int(11) NOT NULL AUTO_INCREMENT,
  `prix total` decimal(10,3) DEFAULT NULL,
  `FK_client` int(11) DEFAULT NULL,
  `date` date DEFAULT NULL,
  `retire` boolean not null default 0,
  `coupeSup` int(3) not null default 0,
  PRIMARY KEY (`PK_refCommande`),
  KEY `FK_client_idx` (`FK_client`)
) ENGINE=InnoDB  DEFAULT CHARSET=utf8 AUTO_INCREMENT=5 ;

--
-- Contenu de la table `commande`
--

INSERT INTO `commande` (`PK_refCommande`, `prix total`, `FK_client`, `date`) VALUES
(0, '4536.000', 2, '2014-10-13'),
(1, '150.000', 1, '2016-02-25'),
(2, '540.000', 2, '2016-01-13'),
(3, '782.000', 1, '2016-02-10'),
(4, '654.000', 1, '2015-11-10'),
(5, '856.000', 2, '2016-02-08'),
(6, '876.000', 1, '2016-02-29');
-- --------------------------------------------------------

--
-- Structure de la table `element`
--

CREATE TABLE IF NOT EXISTS `element` (
  `PK_code` varchar(45) NOT NULL,
  `prix` decimal(10,3) NOT NULL,
  `stock` int(11) DEFAULT NULL,
  `commande` int(11) DEFAULT NULL,
  `reserve` int(11) DEFAULT NULL,
  `hauteur` int(11) NOT NULL,
  `profondeur` int(11) DEFAULT NULL,
  `largeur` int(11) DEFAULT NULL,
  `couleur` varchar(45) DEFAULT NULL,
  `typeElement` varchar(45) DEFAULT NULL,
  `nbrpieces` int(11) DEFAULT NULL,
  `stockmin` int(11) NOT NULL,
  PRIMARY KEY (`PK_code`),
  FULLTEXT KEY `couleur` (`couleur`)
) ENGINE=InnoDB DEFAULT CHARSET=utf8;

--
-- Contenu de la table `element`
--

INSERT INTO `element` (`PK_code`, `prix`, `stock`, `commande`, `reserve`, `hauteur`, `profondeur`, `largeur`, `couleur`, `typeElement`, `nbrpieces`, `stockmin`) VALUES
('COR100BLDEC', '1.000', 85, 0, 0, 100, 0, 0, 'Blanc', 'Corni', 4, 32),
('COR100BRDEC', '1.000', 84, 0, 0, 100, 0, 0, 'Brun', 'Corni', 4, 32),
('COR100GLDEC', '1.000', 84, 0, 0, 100, 0, 0, 'Galvanis', 'Corni', 4, 32),
('COR100NRDEC', '1.000', 87, 0, 0, 100, 0, 0, 'Noir', 'Corni', 4, 32),
('COR108BL', '0.000', 84, 0, 0, 108, 0, 0, 'Blanc', 'Corni', 4, 32),
('COR108BR', '0.000', 87, 0, 0, 108, 0, 0, 'Brun', 'Corni', 4, 32),
('COR108GL', '0.000', 87, 0, 0, 108, 0, 0, 'Galvanis', 'Corni', 4, 32),
('COR108NR', '0.000', 86, 0, 0, 108, 0, 0, 'Noir', 'Corni', 4, 32),
('COR112BL', '1.000', 82, 0, 0, 112, 0, 0, 'Blanc', 'Corni', 4, 32),
('COR112BR', '0.000', 82, 0, 0, 112, 0, 0, 'Brun', 'Corni', 4, 32),
('COR112GL', '1.000', 88, 0, 0, 112, 0, 0, 'Galvanis', 'Corni', 4, 32),
('COR112NR', '0.000', 89, 0, 0, 112, 0, 0, 'Noir', 'Corni', 4, 32),
('COR125BLDEC', '1.000', 83, 0, 0, 125, 0, 0, 'Blanc', 'Corni', 4, 32),
('COR125BRDEC', '1.000', 84, 0, 0, 125, 0, 0, 'Brun', 'Corni', 4, 32),
('COR125GLDEC', '1.000', 83, 0, 0, 125, 0, 0, 'Galvanis', 'Corni', 4, 32),
('COR125NRDEC', '1.000', 86, 0, 0, 125, 0, 0, 'Noir', 'Corni', 4, 32),
('COR138BL', '1.000', 83, 0, 0, 138, 0, 0, 'Blanc', 'Corni', 4, 32),
('COR138BR', '1.000', 87, 0, 0, 138, 0, 0, 'Brun', 'Corni', 4, 32),
('COR138GL', '1.000', 89, 0, 0, 138, 0, 0, 'Galvanis', 'Corni', 4, 32),
('COR138NR', '0.000', 83, 0, 0, 138, 0, 0, 'Noir', 'Corni', 4, 32),
('COR144BL', '1.000', 86, 0, 0, 144, 0, 0, 'Blanc', 'Corni', 4, 32),
('COR144BR', '1.000', 87, 0, 0, 144, 0, 0, 'Brun', 'Corni', 4, 32),
('COR144GL', '1.000', 84, 0, 0, 144, 0, 0, 'Galvanis', 'Corni', 4, 32),
('COR144NR', '0.000', 88, 0, 0, 144, 0, 0, 'Noir', 'Corni', 4, 32),
('COR150BLDEC', '2.000', 89, 0, 0, 150, 0, 0, 'Blanc', 'Corni', 4, 32),
('COR150BRDEC', '2.000', 87, 0, 0, 150, 0, 0, 'Brun', 'Corni', 4, 32),
('COR150GLDEC', '2.000', 87, 0, 0, 150, 0, 0, 'Galvanis', 'Corni', 4, 32),
('COR150NRDEC', '1.000', 87, 0, 0, 150, 0, 0, 'Noir', 'Corni', 4, 32),
('COR168BL', '1.000', 89, 0, 0, 168, 0, 0, 'Blanc', 'Corni', 4, 32),
('COR168BR', '1.000', 83, 0, 0, 168, 0, 0, 'Brun', 'Corni', 4, 32),
('COR168GL', '1.000', 88, 0, 0, 168, 0, 0, 'Galvanis', 'Corni', 4, 32),
('COR168NR', '1.000', 80, 0, 0, 168, 0, 0, 'Noir', 'Corni', 4, 32),
('COR175BLDEC', '3.000', 81, 0, 0, 175, 0, 0, 'Blanc', 'Corni', 4, 32),
('COR175BRDEC', '2.000', 83, 0, 0, 175, 0, 0, 'Brun', 'Corni', 4, 32),
('COR175GLDEC', '3.000', 86, 0, 0, 175, 0, 0, 'Galvanis', 'Corni', 4, 32),
('COR175NRDEC', '2.000', 85, 0, 0, 175, 0, 0, 'Noir', 'Corni', 4, 32),
('COR180BL', '1.000', 89, 0, 0, 180, 0, 0, 'Blanc', 'Corni', 4, 32),
('COR180BR', '1.000', 89, 0, 0, 180, 0, 0, 'Brun', 'Corni', 4, 32),
('COR180GL', '1.000', 84, 0, 0, 180, 0, 0, 'Galvanis', 'Corni', 4, 32),
('COR180NR', '1.000', 83, 0, 0, 180, 0, 0, 'Noir', 'Corni', 4, 32),
('COR184BL', '1.000', 89, 0, 0, 184, 0, 0, 'Blanc', 'Corni', 4, 32),
('COR184BR', '1.000', 84, 0, 0, 184, 0, 0, 'Brun', 'Corni', 4, 32),
('COR184GL', '1.000', 86, 0, 0, 184, 0, 0, 'Galvanis', 'Corni', 4, 32),
('COR184NR', '1.000', 88, 0, 0, 184, 0, 0, 'Noir', 'Corni', 4, 32),
('COR200BLDEC', '3.000', 85, 0, 0, 200, 0, 0, 'Blanc', 'Corni', 4, 32),
('COR200BRDEC', '2.000', 86, 0, 0, 200, 0, 0, 'Brun', 'Corni', 4, 32),
('COR200GLDEC', '3.000', 84, 0, 0, 200, 0, 0, 'Galvanis', 'Corni', 4, 32),
('COR200NRDEC', '2.000', 90, 0, 0, 200, 0, 0, 'Noir', 'Corni', 4, 32),
('COR216BL', '1.000', 84, 0, 0, 216, 0, 0, 'Blanc', 'Corni', 4, 32),
('COR216BR', '1.000', 81, 0, 0, 216, 0, 0, 'Brun', 'Corni', 4, 32),
('COR216GL', '1.000', 88, 0, 0, 216, 0, 0, 'Galvanis', 'Corni', 4, 32),
('COR216NR', '1.000', 80, 0, 0, 216, 0, 0, 'Noir', 'Corni', 4, 32),
('COR224BL', '2.000', 84, 0, 0, 224, 0, 0, 'Blanc', 'Corni', 4, 32),
('COR224BR', '1.000', 83, 0, 0, 224, 0, 0, 'Brun', 'Corni', 4, 32),
('COR224GL', '2.000', 87, 0, 0, 224, 0, 0, 'Galvanis', 'Corni', 4, 32),
('COR224NR', '1.000', 84, 0, 0, 224, 0, 0, 'Noir', 'Corni', 4, 32),
('COR225BLDEC', '3.000', 88, 0, 0, 225, 0, 0, 'Blanc', 'Corni', 4, 32),
('COR225BRDEC', '3.000', 86, 0, 0, 225, 0, 0, 'Brun', 'Corni', 4, 32),
('COR225GLDEC', '3.000', 86, 0, 0, 225, 0, 0, 'Galvanis', 'Corni', 4, 32),
('COR225NRDEC', '2.000', 88, 0, 0, 225, 0, 0, 'Noir', 'Corni', 4, 32),
('COR230BL', '2.000', 83, 0, 0, 230, 0, 0, 'Blanc', 'Corni', 4, 32),
('COR230BR', '1.000', 80, 0, 0, 230, 0, 0, 'Brun', 'Corni', 4, 32),
('COR230GL', '2.000', 88, 0, 0, 230, 0, 0, 'Galvanis', 'Corni', 4, 32),
('COR230NR', '1.000', 83, 0, 0, 230, 0, 0, 'Noir', 'Corni', 4, 32),
('COR250BLDEC', '4.000', 87, 0, 0, 250, 0, 0, 'Blanc', 'Corni', 4, 32),
('COR250BRDEC', '3.000', 81, 0, 0, 250, 0, 0, 'Brun', 'Corni', 4, 32),
('COR250GLDEC', '4.000', 82, 0, 0, 250, 0, 0, 'Galvanis', 'Corni', 4, 32),
('COR250NRDEC', '3.000', 86, 0, 0, 250, 0, 0, 'Noir', 'Corni', 4, 32),
('COR252BL', '2.000', 80, 0, 0, 252, 0, 0, 'Blanc', 'Corni', 4, 32),
('COR252BR', '1.000', 89, 0, 0, 252, 0, 0, 'Brun', 'Corni', 4, 32),
('COR252GL', '2.000', 89, 0, 0, 252, 0, 0, 'Galvanis', 'Corni', 4, 32),
('COR252NR', '1.000', 80, 0, 0, 252, 0, 0, 'Noir', 'Corni', 4, 32),
('COR275BLDEC', '5.000', 82, 0, 0, 275, 0, 0, 'Blanc', 'Corni', 4, 32),
('COR275BRDEC', '4.000', 82, 0, 0, 275, 0, 0, 'Brun', 'Corni', 4, 32),
('COR275GLDEC', '5.000', 87, 0, 0, 275, 0, 0, 'Galvanis', 'Corni', 4, 32),
('COR275NRDEC', '3.000', 81, 0, 0, 275, 0, 0, 'Noir', 'Corni', 4, 32),
('COR276BL', '2.000', 86, 0, 0, 276, 0, 0, 'Blanc', 'Corni', 4, 32),
('COR276BR', '2.000', 90, 0, 0, 276, 0, 0, 'Brun', 'Corni', 4, 32),
('COR276GL', '2.000', 81, 0, 0, 276, 0, 0, 'Galvanis', 'Corni', 4, 32),
('COR276NR', '1.000', 83, 0, 0, 276, 0, 0, 'Noir', 'Corni', 4, 32),
('COR280BL', '2.000', 84, 0, 0, 280, 0, 0, 'Blanc', 'Corni', 4, 32),
('COR280BR', '2.000', 86, 0, 0, 280, 0, 0, 'Brun', 'Corni', 4, 32),
('COR280GL', '2.000', 86, 0, 0, 280, 0, 0, 'Galvanis', 'Corni', 4, 32),
('COR280NR', '1.000', 86, 0, 0, 280, 0, 0, 'Noir', 'Corni', 4, 32),
('COR300BLDEC', '5.000', 90, 0, 0, 300, 0, 0, 'Blanc', 'Corni', 4, 32),
('COR300BRDEC', '4.000', 88, 0, 0, 300, 0, 0, 'Brun', 'Corni', 4, 32),
('COR300GLDEC', '5.000', 83, 0, 0, 300, 0, 0, 'Galvanis', 'Corni', 4, 32),
('COR300NRDEC', '3.000', 84, 0, 0, 300, 0, 0, 'Noir', 'Corni', 4, 32),
('COR325BLDEC', '5.000', 86, 0, 0, 325, 0, 0, 'Blanc', 'Corni', 4, 32),
('COR325BRDEC', '4.000', 88, 0, 0, 325, 0, 0, 'Brun', 'Corni', 4, 32),
('COR325GLDEC', '5.000', 90, 0, 0, 325, 0, 0, 'Galvanis', 'Corni', 4, 32),
('COR325NRDEC', '3.000', 87, 0, 0, 325, 0, 0, 'Noir', 'Corni', 4, 32),
('COR350BLDEC', '5.000', 84, 0, 0, 350, 0, 0, 'Blanc', 'Corni', 4, 32),
('COR350BRDEC', '4.000', 84, 0, 0, 350, 0, 0, 'Brun', 'Corni', 4, 32),
('COR350GLDEC', '5.000', 83, 0, 0, 350, 0, 0, 'Galvanis', 'Corni', 4, 32),
('COR350NRDEC', '3.000', 85, 0, 0, 350, 0, 0, 'Noir', 'Corni', 4, 32),
('COR36BL', '0.000', 84, 0, 0, 36, 0, 0, 'Blanc', 'Corni', 4, 32),
('COR36BR', '0.000', 82, 0, 0, 36, 0, 0, 'Brun', 'Corni', 4, 32),
('COR36GL', '0.000', 81, 0, 0, 36, 0, 0, 'Galvanis', 'Corni', 4, 32),
('COR36NR', '0.000', 84, 0, 0, 36, 0, 0, 'Noir', 'Corni', 4, 32),
('COR375BLDEC', '5.000', 82, 0, 0, 375, 0, 0, 'Blanc', 'Corni', 4, 32),
('COR375BRDEC', '4.000', 81, 0, 0, 375, 0, 0, 'Brun', 'Corni', 4, 32),
('COR375GLDEC', '5.000', 86, 0, 0, 375, 0, 0, 'Galvanis', 'Corni', 4, 32),
('COR375NRDEC', '3.000', 89, 0, 0, 375, 0, 0, 'Noir', 'Corni', 4, 32),
('COR46BL', '0.000', 89, 0, 0, 46, 0, 0, 'Blanc', 'Corni', 4, 32),
('COR46BR', '0.000', 87, 0, 0, 46, 0, 0, 'Brun', 'Corni', 4, 32),
('COR46GL', '0.000', 82, 0, 0, 46, 0, 0, 'Galvanis', 'Corni', 4, 32),
('COR46NR', '0.000', 90, 0, 0, 46, 0, 0, 'Noir', 'Corni', 4, 32),
('COR50BLDEC', '1.000', 84, 0, 0, 50, 0, 0, 'Blanc', 'Corni', 4, 32),
('COR50BRDEC', '0.000', 86, 0, 0, 50, 0, 0, 'Brun', 'Corni', 4, 32),
('COR50GLDEC', '1.000', 82, 0, 0, 50, 0, 0, 'Galvanis', 'Corni', 4, 32),
('COR50NRDEC', '0.000', 82, 0, 0, 50, 0, 0, 'Noir', 'Corni', 4, 32),
('COR56BL', '0.000', 89, 0, 0, 56, 0, 0, 'Blanc', 'Corni', 4, 32),
('COR56BR', '0.000', 86, 0, 0, 56, 0, 0, 'Brun', 'Corni', 4, 32),
('COR56GL', '0.000', 82, 0, 0, 56, 0, 0, 'Galvanis', 'Corni', 4, 32),
('COR56NR', '0.000', 89, 0, 0, 56, 0, 0, 'Noir', 'Corni', 4, 32),
('COR72BL', '0.000', 82, 0, 0, 72, 0, 0, 'Blanc', 'Corni', 4, 32),
('COR72BR', '0.000', 85, 0, 0, 72, 0, 0, 'Brun', 'Corni', 4, 32),
('COR72GL', '0.000', 83, 0, 0, 72, 0, 0, 'Galvanis', 'Corni', 4, 32),
('COR72NR', '0.000', 81, 0, 0, 72, 0, 0, 'Noir', 'Corni', 4, 32),
('COR75BLDEC', '1.000', 89, 0, 0, 75, 0, 0, 'Blanc', 'Corni', 4, 32),
('COR75BRDEC', '1.000', 83, 0, 0, 75, 0, 0, 'Brun', 'Corni', 4, 32),
('COR75GLDEC', '1.000', 84, 0, 0, 75, 0, 0, 'Galvanis', 'Corni', 4, 32),
('COR75NRDEC', '0.000', 81, 0, 0, 75, 0, 0, 'Noir', 'Corni', 4, 32),
('COR92BL', '0.000', 85, 0, 0, 92, 0, 0, 'Blanc', 'Corni', 4, 32),
('COR92BR', '0.000', 83, 0, 0, 92, 0, 0, 'Brun', 'Corni', 4, 32),
('COR92GL', '0.000', 82, 0, 0, 92, 0, 0, 'Galvanis', 'Corni', 4, 32),
('COR92NR', '0.000', 87, 0, 0, 92, 0, 0, 'Noir', 'Corni', 4, 32),
('COUPEL', '0.000', 42, 0, 0, 0, 0, 0, '', 'Coupelles', 2, 16),
('PAG3232BL', '5.000', 45, 0, 0, 32, 32, 0, 'Blanc', 'Panneau GD', 2, 16),
('PAG3232BR', '4.000', 44, 0, 0, 32, 32, 0, 'Brun', 'Panneau GD', 2, 16),
('PAG3242BL', '6.000', 50, 0, 0, 32, 42, 0, 'Blanc', 'Panneau GD', 2, 16),
('PAG3242BR', '5.000', 48, 0, 0, 32, 42, 0, 'Brun', 'Panneau GD', 2, 16),
('PAG3252BL', '8.000', 41, 0, 0, 32, 52, 0, 'Blanc', 'Panneau GD', 2, 16),
('PAG3252BR', '6.000', 42, 0, 0, 32, 52, 0, 'Brun', 'Panneau GD', 2, 16),
('PAG3262BL', '9.000', 49, 0, 0, 32, 62, 0, 'Blanc', 'Panneau GD', 2, 16),
('PAG3262BR', '7.000', 41, 0, 0, 32, 62, 0, 'Brun', 'Panneau GD', 2, 16),
('PAG4232BL', '6.000', 49, 0, 0, 42, 32, 0, 'Blanc', 'Panneau GD', 2, 16),
('PAG4232BR', '5.000', 41, 0, 0, 42, 32, 0, 'Brun', 'Panneau GD', 2, 16),
('PAG4242BL', '8.000', 43, 0, 0, 42, 42, 0, 'Blanc', 'Panneau GD', 2, 16),
('PAG4242BR', '7.000', 43, 0, 0, 42, 42, 0, 'Brun', 'Panneau GD', 2, 16),
('PAG4252BL', '10.000', 45, 0, 0, 42, 52, 0, 'Blanc', 'Panneau GD', 2, 16),
('PAG4252BR', '8.000', 47, 0, 0, 42, 52, 0, 'Brun', 'Panneau GD', 2, 16),
('PAG4262BL', '13.000', 43, 0, 0, 42, 62, 0, 'Blanc', 'Panneau GD', 2, 16),
('PAG4262BR', '10.000', 45, 0, 0, 42, 62, 0, 'Brun', 'Panneau GD', 2, 16),
('PAG5232BL', '8.000', 50, 0, 0, 52, 32, 0, 'Blanc', 'Panneau GD', 2, 16),
('PAG5232BR', '6.000', 47, 0, 0, 52, 32, 0, 'Brun', 'Panneau GD', 2, 16),
('PAG5242BL', '10.000', 47, 0, 0, 52, 42, 0, 'Blanc', 'Panneau GD', 2, 16),
('PAG5242BR', '8.000', 49, 0, 0, 52, 42, 0, 'Brun', 'Panneau GD', 2, 16),
('PAG5252BL', '13.000', 47, 0, 0, 52, 52, 0, 'Blanc', 'Panneau GD', 2, 16),
('PAG5252BR', '10.000', 47, 0, 0, 52, 52, 0, 'Brun', 'Panneau GD', 2, 16),
('PAG5262BL', '16.000', 48, 0, 0, 52, 62, 0, 'Blanc', 'Panneau GD', 2, 16),
('PAG5262BR', '12.000', 44, 0, 0, 52, 62, 0, 'Brun', 'Panneau GD', 2, 16),
('PAH32100BL', '16.000', 49, 0, 0, 0, 32, 100, 'Blanc', 'Panneau HB', 2, 16),
('PAH32100BR', '12.000', 42, 0, 0, 0, 32, 100, 'Brun', 'Panneau HB', 2, 16),
('PAH32120BL', '19.000', 47, 0, 0, 0, 32, 120, 'Blanc', 'Panneau HB', 2, 16),
('PAH32120BR', '15.000', 50, 0, 0, 0, 32, 120, 'Brun', 'Panneau HB', 2, 16),
('PAH3232BL', '5.000', 50, 0, 0, 0, 32, 32, 'Blanc', 'Panneau HB', 2, 16),
('PAH3232BR', '4.000', 41, 0, 0, 0, 32, 32, 'Brun', 'Panneau HB', 2, 16),
('PAH3242BL', '6.000', 42, 0, 0, 0, 32, 42, 'Blanc', 'Panneau HB', 2, 16),
('PAH3242BR', '5.000', 46, 0, 0, 0, 32, 42, 'Brun', 'Panneau HB', 2, 16),
('PAH3252BL', '8.000', 41, 0, 0, 0, 32, 52, 'Blanc', 'Panneau HB', 2, 16),
('PAH3252BR', '6.000', 48, 0, 0, 0, 32, 52, 'Brun', 'Panneau HB', 2, 16),
('PAH3262BL', '9.000', 44, 0, 0, 0, 32, 62, 'Blanc', 'Panneau HB', 2, 16),
('PAH3262BR', '7.000', 44, 0, 0, 0, 32, 62, 'Brun', 'Panneau HB', 2, 16),
('PAH3280BL', '12.000', 48, 0, 0, 0, 32, 80, 'Blanc', 'Panneau HB', 2, 16),
('PAH3280BR', '10.000', 48, 0, 0, 0, 32, 80, 'Brun', 'Panneau HB', 2, 16),
('PAH42100BL', '21.000', 46, 0, 0, 0, 42, 100, 'Blanc', 'Panneau HB', 2, 16),
('PAH42100BR', '16.000', 43, 0, 0, 0, 42, 100, 'Brun', 'Panneau HB', 2, 16),
('PAH42120BL', '25.000', 41, 0, 0, 0, 42, 120, 'Blanc', 'Panneau HB', 2, 16),
('PAH42120BR', '20.000', 45, 0, 0, 0, 42, 120, 'Brun', 'Panneau HB', 2, 16),
('PAH4232BL', '6.000', 43, 0, 0, 0, 42, 32, 'Blanc', 'Panneau HB', 2, 16),
('PAH4232BR', '5.000', 43, 0, 0, 0, 42, 32, 'Brun', 'Panneau HB', 2, 16),
('PAH4242BL', '8.000', 40, 0, 0, 0, 42, 42, 'Blanc', 'Panneau HB', 2, 16),
('PAH4242BR', '7.000', 44, 0, 0, 0, 42, 42, 'Brun', 'Panneau HB', 2, 16),
('PAH4252BL', '10.000', 46, 0, 0, 0, 42, 52, 'Blanc', 'Panneau HB', 2, 16),
('PAH4252BR', '8.000', 46, 0, 0, 0, 42, 52, 'Brun', 'Panneau HB', 2, 16),
('PAH4262BL', '13.000', 45, 0, 0, 0, 42, 62, 'Blanc', 'Panneau HB', 2, 16),
('PAH4262BR', '10.000', 48, 0, 0, 0, 42, 62, 'Brun', 'Panneau HB', 2, 16),
('PAH4280BL', '16.000', 50, 0, 0, 0, 42, 80, 'Blanc', 'Panneau HB', 2, 16),
('PAH4280BR', '13.000', 45, 0, 0, 0, 42, 80, 'Brun', 'Panneau HB', 2, 16),
('PAH52100BL', '26.000', 49, 0, 0, 0, 52, 100, 'Blanc', 'Panneau HB', 2, 16),
('PAH52100BR', '20.000', 42, 0, 0, 0, 52, 100, 'Brun', 'Panneau HB', 2, 16),
('PAH52120BL', '31.000', 49, 0, 0, 0, 52, 120, 'Blanc', 'Panneau HB', 2, 16),
('PAH52120BR', '24.000', 49, 0, 0, 0, 52, 120, 'Brun', 'Panneau HB', 2, 16),
('PAH5232BL', '8.000', 45, 0, 0, 0, 52, 32, 'Blanc', 'Panneau HB', 2, 16),
('PAH5232BR', '6.000', 42, 0, 0, 0, 52, 32, 'Brun', 'Panneau HB', 2, 16),
('PAH5242BL', '10.000', 44, 0, 0, 0, 52, 42, 'Blanc', 'Panneau HB', 2, 16),
('PAH5242BR', '8.000', 45, 0, 0, 0, 52, 42, 'Brun', 'Panneau HB', 2, 16),
('PAH5252BL', '13.000', 42, 0, 0, 0, 52, 52, 'Blanc', 'Panneau HB', 2, 16),
('PAH5252BR', '10.000', 43, 0, 0, 0, 52, 52, 'Brun', 'Panneau HB', 2, 16),
('PAH5262BL', '16.000', 46, 0, 0, 0, 52, 62, 'Blanc', 'Panneau HB', 2, 16),
('PAH5262BR', '12.000', 42, 0, 0, 0, 52, 62, 'Brun', 'Panneau HB', 2, 16),
('PAH5280BL', '20.000', 41, 0, 0, 0, 52, 80, 'Blanc', 'Panneau HB', 2, 16),
('PAH5280BR', '16.000', 48, 0, 0, 0, 52, 80, 'Brun', 'Panneau HB', 2, 16),
('PAH62100BL', '31.000', 44, 0, 0, 0, 62, 100, 'Blanc', 'Panneau HB', 2, 16),
('PAH62100BR', '24.000', 50, 0, 0, 0, 62, 100, 'Brun', 'Panneau HB', 2, 16),
('PAH62120BL', '37.000', 43, 0, 0, 0, 62, 120, 'Blanc', 'Panneau HB', 2, 16),
('PAH62120BR', '29.000', 45, 0, 0, 0, 62, 120, 'Brun', 'Panneau HB', 2, 16),
('PAH6232BL', '9.000', 44, 0, 0, 0, 62, 32, 'Blanc', 'Panneau HB', 2, 16),
('PAH6232BR', '7.000', 48, 0, 0, 0, 62, 32, 'Brun', 'Panneau HB', 2, 16),
('PAH6242BL', '13.000', 44, 0, 0, 0, 62, 42, 'Blanc', 'Panneau HB', 2, 16),
('PAH6242BR', '10.000', 40, 0, 0, 0, 62, 42, 'Brun', 'Panneau HB', 2, 16),
('PAH6252BL', '16.000', 44, 0, 0, 0, 62, 52, 'Blanc', 'Panneau HB', 2, 16),
('PAH6252BR', '12.000', 45, 0, 0, 0, 62, 52, 'Brun', 'Panneau HB', 2, 16),
('PAH6262BL', '19.000', 46, 0, 0, 0, 62, 62, 'Blanc', 'Panneau HB', 2, 16),
('PAH6262BR', '15.000', 45, 0, 0, 0, 62, 62, 'Brun', 'Panneau HB', 2, 16),
('PAH6280BL', '24.000', 48, 0, 0, 0, 62, 80, 'Blanc', 'Panneau HB', 2, 16),
('PAH6280BR', '19.000', 50, 0, 0, 0, 62, 80, 'Brun', 'Panneau HB', 2, 16),
('PAR32100BL', '16.000', 21, 0, 0, 32, 0, 100, 'Blanc', 'Panneau Ar', 1, 8),
('PAR32100BR', '12.000', 23, 0, 0, 32, 0, 100, 'Brun', 'Panneau Ar', 1, 8),
('PAR32120BL', '19.000', 30, 0, 0, 32, 0, 120, 'Blanc', 'Panneau Ar', 1, 8),
('PAR32120BR', '15.000', 29, 0, 0, 32, 0, 120, 'Brun', 'Panneau Ar', 1, 8),
('PAR3232BL', '5.000', 23, 0, 0, 32, 0, 32, 'Blanc', 'Panneau Ar', 1, 8),
('PAR3232BR', '4.000', 26, 0, 0, 32, 0, 32, 'Brun', 'Panneau Ar', 1, 8),
('PAR3242BL', '6.000', 29, 0, 0, 32, 0, 42, 'Blanc', 'Panneau Ar', 1, 8),
('PAR3242BR', '5.000', 21, 0, 0, 32, 0, 42, 'Brun', 'Panneau Ar', 1, 8),
('PAR3252BL', '8.000', 21, 0, 0, 32, 0, 52, 'Blanc', 'Panneau Ar', 1, 8),
('PAR3252BR', '6.000', 24, 0, 0, 32, 0, 52, 'Brun', 'Panneau Ar', 1, 8),
('PAR3262BL', '9.000', 26, 0, 0, 32, 0, 62, 'Blanc', 'Panneau Ar', 1, 8),
('PAR3262BR', '7.000', 27, 0, 0, 32, 0, 62, 'Brun', 'Panneau Ar', 1, 8),
('PAR3280BL', '12.000', 25, 0, 0, 32, 0, 80, 'Blanc', 'Panneau Ar', 1, 8),
('PAR3280BR', '10.000', 29, 0, 0, 32, 0, 80, 'Brun', 'Panneau Ar', 1, 8),
('PAR42100BL', '26.000', 27, 0, 0, 42, 0, 100, 'Blanc', 'Panneau Ar', 1, 8),
('PAR42100BR', '16.000', 24, 0, 0, 42, 0, 100, 'Brun', 'Panneau Ar', 1, 8),
('PAR42120BL', '31.000', 30, 0, 0, 42, 0, 120, 'Blanc', 'Panneau Ar', 1, 8),
('PAR42120BR', '20.000', 21, 0, 0, 42, 0, 120, 'Brun', 'Panneau Ar', 1, 8),
('PAR4232BL', '8.000', 23, 0, 0, 42, 0, 32, 'Blanc', 'Panneau Ar', 1, 8),
('PAR4232BR', '5.000', 25, 0, 0, 42, 0, 32, 'Brun', 'Panneau Ar', 1, 8),
('PAR4242BL', '10.000', 29, 0, 0, 42, 0, 42, 'Blanc', 'Panneau Ar', 1, 8),
('PAR4242BR', '7.000', 25, 0, 0, 42, 0, 42, 'Brun', 'Panneau Ar', 1, 8),
('PAR4252BL', '13.000', 24, 0, 0, 42, 0, 52, 'Blanc', 'Panneau Ar', 1, 8),
('PAR4252BR', '8.000', 26, 0, 0, 42, 0, 52, 'Brun', 'Panneau Ar', 1, 8),
('PAR4262BL', '16.000', 30, 0, 0, 42, 0, 62, 'Blanc', 'Panneau Ar', 1, 8),
('PAR4262BR', '10.000', 27, 0, 0, 42, 0, 62, 'Brun', 'Panneau Ar', 1, 8),
('PAR4280BL', '20.000', 24, 0, 0, 42, 0, 80, 'Blanc', 'Panneau Ar', 1, 8),
('PAR4280BR', '13.000', 26, 0, 0, 42, 0, 80, 'Brun', 'Panneau Ar', 1, 8),
('PAR52100BL', '26.000', 27, 0, 0, 52, 0, 100, 'Blanc', 'Panneau Ar', 1, 8),
('PAR52100BR', '20.000', 23, 0, 0, 52, 0, 100, 'Brun', 'Panneau Ar', 1, 8),
('PAR52120BL', '31.000', 30, 0, 0, 52, 0, 120, 'Blanc', 'Panneau Ar', 1, 8),
('PAR52120BR', '24.000', 24, 0, 0, 52, 0, 120, 'Brun', 'Panneau Ar', 1, 8),
('PAR5232BL', '8.000', 28, 0, 0, 52, 0, 32, 'Blanc', 'Panneau Ar', 1, 8),
('PAR5232BR', '6.000', 22, 0, 0, 52, 0, 32, 'Brun', 'Panneau Ar', 1, 8),
('PAR5242BL', '10.000', 20, 0, 0, 52, 0, 42, 'Blanc', 'Panneau Ar', 1, 8),
('PAR5242BR', '8.000', 20, 0, 0, 52, 0, 42, 'Brun', 'Panneau Ar', 1, 8),
('PAR5252BL', '13.000', 22, 0, 0, 52, 0, 52, 'Blanc', 'Panneau Ar', 1, 8),
('PAR5252BR', '10.000', 24, 0, 0, 52, 0, 52, 'Brun', 'Panneau Ar', 1, 8),
('PAR5262BL', '16.000', 28, 0, 0, 52, 0, 62, 'Blanc', 'Panneau Ar', 1, 8),
('PAR5262BR', '12.000', 28, 0, 0, 52, 0, 62, 'Brun', 'Panneau Ar', 1, 8),
('PAR5280BL', '20.000', 28, 0, 0, 52, 0, 80, 'Blanc', 'Panneau Ar', 1, 8),
('PAR5280BR', '16.000', 28, 0, 0, 52, 0, 80, 'Brun', 'Panneau Ar', 1, 8),
('POR3232BL', '5.000', 41, 0, 0, 32, 0, 32, 'Blanc', 'Porte ', 2, 16),
('POR3232BR', '5.000', 46, 0, 0, 32, 0, 32, 'Brun', 'Porte ', 2, 16),
('POR3232VE', '10.000', 46, 0, 0, 32, 0, 32, 'Verre', 'Porte ', 2, 16),
('POR3242BL', '6.000', 42, 0, 0, 32, 0, 42, 'Blanc', 'Porte ', 2, 16),
('POR3242BR', '6.000', 42, 0, 0, 32, 0, 42, 'Brun', 'Porte ', 2, 16),
('POR3242VE', '13.000', 50, 0, 0, 32, 0, 42, 'Verre', 'Porte ', 2, 16),
('POR3252BL', '8.000', 46, 0, 0, 32, 0, 52, 'Blanc', 'Porte ', 2, 16),
('POR3252BR', '8.000', 47, 0, 0, 32, 0, 52, 'Brun', 'Porte ', 2, 16),
('POR3252VE', '16.000', 42, 0, 0, 32, 0, 52, 'Verre', 'Porte ', 2, 16),
('POR3262BL', '9.000', 42, 0, 0, 32, 0, 62, 'Blanc', 'Porte ', 2, 16),
('POR3262BR', '9.000', 40, 0, 0, 32, 0, 62, 'Brun', 'Porte ', 2, 16),
('POR3262VE', '19.000', 40, 0, 0, 32, 0, 62, 'Verre', 'Porte ', 2, 16),
('POR4232BL', '6.000', 47, 0, 0, 42, 0, 32, 'Blanc', 'Porte ', 2, 16),
('POR4232BR', '6.000', 46, 0, 0, 42, 0, 32, 'Brun', 'Porte ', 2, 16),
('POR4232VE', '13.000', 43, 0, 0, 42, 0, 32, 'Verre', 'Porte ', 2, 16),
('POR4242BL', '8.000', 44, 0, 0, 42, 0, 42, 'Blanc', 'Porte ', 2, 16),
('POR4242BR', '8.000', 43, 0, 0, 42, 0, 42, 'Brun', 'Porte ', 2, 16),
('POR4242VE', '17.000', 45, 0, 0, 42, 0, 42, 'Verre', 'Porte ', 2, 16),
('POR4252BL', '10.000', 43, 0, 0, 42, 0, 52, 'Blanc', 'Porte ', 2, 16),
('POR4252BR', '10.000', 46, 0, 0, 42, 0, 52, 'Brun', 'Porte ', 2, 16),
('POR4252VE', '21.000', 45, 0, 0, 42, 0, 52, 'Verre', 'Porte ', 2, 16),
('POR4262BL', '13.000', 49, 0, 0, 42, 0, 62, 'Blanc', 'Porte ', 2, 16),
('POR4262BR', '13.000', 49, 0, 0, 42, 0, 62, 'Brun', 'Porte ', 2, 16),
('POR4262VE', '26.000', 48, 0, 0, 42, 0, 62, 'Verre', 'Porte ', 2, 16),
('POR5232BL', '8.000', 47, 0, 0, 52, 0, 32, 'Blanc', 'Porte ', 2, 16),
('POR5232BR', '8.000', 43, 0, 0, 52, 0, 32, 'Brun', 'Porte ', 2, 16),
('POR5232VE', '16.000', 46, 0, 0, 52, 0, 32, 'Verre', 'Porte ', 2, 16),
('POR5242BL', '10.000', 41, 0, 0, 52, 0, 42, 'Blanc', 'Porte ', 2, 16),
('POR5242BR', '10.000', 45, 0, 0, 52, 0, 42, 'Brun', 'Porte ', 2, 16),
('POR5242VE', '21.000', 44, 0, 0, 52, 0, 42, 'Verre', 'Porte ', 2, 16),
('POR5252BL', '13.000', 49, 0, 0, 52, 0, 52, 'Blanc', 'Porte ', 2, 16),
('POR5252BR', '13.000', 42, 0, 0, 52, 0, 52, 'Brun', 'Porte ', 2, 16),
('POR5252VE', '27.000', 47, 0, 0, 52, 0, 52, 'Verre', 'Porte ', 2, 16),
('POR5262BL', '16.000', 40, 0, 0, 52, 0, 62, 'Blanc', 'Porte ', 2, 16),
('POR5262BR', '32.000', 46, 0, 0, 52, 0, 62, 'Brun', 'Porte ', 2, 16),
('POR5262VE', '32.000', 46, 0, 0, 52, 0, 62, 'Verre', 'Porte ', 2, 16),
('TAS27', '0.000', 83, 0, 0, 32, 0, 0, '', 'Tasseau', 4, 32),
('TAS37', '0.000', 84, 0, 0, 42, 0, 0, '', 'Tasseau', 4, 32),
('TAS47', '0.000', 88, 0, 0, 52, 0, 0, '', 'Tasseau', 4, 32),
('TRF100', '2.000', 48, 0, 0, 0, 0, 100, '', 'Traverse Av', 2, 16),
('TRF120', '2.000', 42, 0, 0, 0, 0, 120, '', 'Traverse Av', 2, 16),
('TRF32', '1.000', 45, 0, 0, 0, 0, 32, '', 'Traverse Av', 2, 16),
('TRF42', '1.000', 43, 0, 0, 0, 0, 42, '', 'Traverse Av', 2, 16),
('TRF52', '1.000', 44, 0, 0, 0, 0, 52, '', 'Traverse Av', 2, 16),
('TRF62', '1.000', 42, 0, 0, 0, 0, 62, '', 'Traverse Av', 2, 16),
('TRF80', '2.000', 44, 0, 0, 0, 0, 80, '', 'Traverse Av', 2, 16),
('TRG32', '1.000', 82, 0, 0, 0, 32, 0, '', 'Traverse GD', 4, 32),
('TRG42', '1.000', 83, 0, 0, 0, 42, 0, '', 'Traverse GD', 4, 32),
('TRG52', '1.000', 82, 0, 0, 0, 52, 0, '', 'Traverse GD', 4, 32),
('TRG62', '1.000', 82, 0, 0, 0, 62, 0, '', 'Traverse GD', 4, 32),
('TRR100', '2.000', 49, 0, 0, 0, 0, 100, '', 'Traverse Ar', 2, 16),
('TRR120', '2.000', 49, 0, 0, 0, 0, 120, '', 'Traverse Ar', 2, 16),
('TRR32', '1.000', 41, 0, 0, 0, 0, 32, '', 'Traverse Ar', 2, 16),
('TRR42', '1.000', 44, 0, 0, 0, 0, 42, '', 'Traverse Ar', 2, 16),
('TRR52', '1.000', 44, 0, 0, 0, 0, 52, '', 'Traverse Ar', 2, 16),
('TRR62', '1.000', 44, 0, 0, 0, 0, 62, '', 'Traverse Ar', 2, 16),
('TRR80', '1.000', 45, 0, 0, 0, 0, 80, '', 'Traverse Ar', 2, 16);

-- --------------------------------------------------------

--
-- Structure de la table `fournisseur`
--

CREATE TABLE IF NOT EXISTS `fournisseur` (
  `fournisseur` int(11) NOT NULL AUTO_INCREMENT,
  `nom` varchar(45) DEFAULT NULL,
  `adresse` varchar(100) DEFAULT NULL,
  PRIMARY KEY (`fournisseur`)
) ENGINE=InnoDB  DEFAULT CHARSET=utf8 AUTO_INCREMENT=3 ;

--
-- Contenu de la table `fournisseur`
--

INSERT INTO `fournisseur` (`fournisseur`, `nom`, `adresse`) VALUES
(1, 'Diffusion menuiserie', ' Avenue des Etats-Unis 110, 6041 Gosselies'),
(2, 'Decoux', 'rue du monument 69, 1340 Ottignies LLN');

-- --------------------------------------------------------

--
-- Structure de la table `linkcommandeelement`
--

CREATE TABLE IF NOT EXISTS `linkcommandeelement` (
  `FK_element` varchar(45) NOT NULL,
  `FK_commande` int(11) NOT NULL,
  `quantiteTotale` int(11) NOT NULL,
  `prix` decimal(10,2) NOT NULL,
  `quantiteRetiree` int(11) NOT NULL,
  PRIMARY KEY (`FK_element`,`FK_commande`),
  KEY `FK_commande_idx` (`FK_commande`)
) ENGINE=InnoDB DEFAULT CHARSET=utf8;

--
-- Contenu de la table `linkcommandeelement`
--

INSERT INTO `linkcommandeelement` (`FK_element`, `FK_commande`, `quantiteTotale`, `prix`, `quantiteRetiree`) VALUES
('COR100BLDEC', 1, 4, '54.00', 4),
('PAG3242BL', 1, 2, '12.00', 2),
('PAH3280BL', 1, 2, '24.00', 2),
('PAR5252BR', 1, 4, '150.00', 4),
('PAR5280BR', 1, 2, '54.00', 2),
('TAS27', 1, 4, '0.00', 4),
('COR100BLDEC', 2, 4, '54.00', 4),
('PAG3242BL', 2, 2, '12.00', 2),
('PAH3280BL', 2, 2, '24.00', 2),
('PAR5252BR', 2, 4, '150.00', 4),
('PAR5280BR', 2, 2, '54.00', 2),
('TAS27', 2, 4, '0.00', 4);

-- --------------------------------------------------------

--
-- Structure de la table `linkelementfournisseur`
--

CREATE TABLE IF NOT EXISTS `linkelementfournisseur` (
  `FK_element` varchar(45) NOT NULL,
  `FK_fournisseur` int(11) NOT NULL,
  `delai` int(11) NOT NULL,
  `prix` double(10,3) NOT NULL,
  PRIMARY KEY (`FK_element`,`FK_fournisseur`),
  KEY `fournisseur` (`FK_fournisseur`)
) ENGINE=InnoDB DEFAULT CHARSET=utf8;

--
-- Contenu de la table `linkelementfournisseur`
--

INSERT INTO `linkelementfournisseur` (`FK_element`, `FK_fournisseur`, `delai`, `prix`) VALUES
('COR100BLDEC', 1, 6, 1.000),
('COR100BLDEC', 2, 18, 0.000),
('COR100BRDEC', 1, 12, 0.000),
('COR100BRDEC', 2, 8, 0.000),
('COR100GLDEC', 1, 5, 1.000),
('COR100GLDEC', 2, 12, 0.000),
('COR100NRDEC', 1, 10, 0.000),
('COR100NRDEC', 2, 14, 0.000),
('COR108BL', 1, 7, 0.000),
('COR108BL', 2, 13, 0.000),
('COR108BR', 1, 7, 0.000),
('COR108BR', 2, 11, 0.000),
('COR108GL', 1, 6, 0.000),
('COR108GL', 2, 14, 0.000),
('COR108NR', 1, 13, 0.000),
('COR108NR', 2, 15, 0.000),
('COR112BL', 1, 12, 0.000),
('COR112BL', 2, 13, 0.000),
('COR112BR', 1, 5, 0.000),
('COR112BR', 2, 11, 0.000),
('COR112GL', 1, 8, 0.000),
('COR112GL', 2, 14, 0.000),
('COR112NR', 1, 6, 0.000),
('COR112NR', 2, 12, 0.000),
('COR125BLDEC', 1, 7, 1.000),
('COR125BLDEC', 2, 13, 0.000),
('COR125BRDEC', 1, 7, 1.000),
('COR125BRDEC', 2, 11, 0.000),
('COR125GLDEC', 1, 6, 1.000),
('COR125GLDEC', 2, 14, 0.000),
('COR125NRDEC', 1, 13, 0.000),
('COR125NRDEC', 2, 15, 0.000),
('COR138BL', 1, 11, 1.000),
('COR138BL', 2, 14, 0.000),
('COR138BR', 1, 12, 0.000),
('COR138BR', 2, 15, 0.000),
('COR138GL', 1, 6, 1.000),
('COR138GL', 2, 11, 0.000),
('COR138NR', 1, 11, 0.000),
('COR138NR', 2, 13, 0.000),
('COR144BL', 1, 3, 1.000),
('COR144BL', 2, 14, 0.000),
('COR144BR', 1, 11, 0.000),
('COR144BR', 2, 13, 0.000),
('COR144GL', 1, 12, 1.000),
('COR144GL', 2, 9, 0.000),
('COR144NR', 1, 5, 0.000),
('COR144NR', 2, 11, 0.000),
('COR150BLDEC', 1, 11, 1.000),
('COR150BLDEC', 2, 14, 0.000),
('COR150BRDEC', 1, 12, 1.000),
('COR150BRDEC', 2, 15, 0.000),
('COR150GLDEC', 1, 6, 1.000),
('COR150GLDEC', 2, 11, 1.000),
('COR150NRDEC', 1, 11, 1.000),
('COR150NRDEC', 2, 13, 0.000),
('COR168BL', 1, 5, 1.000),
('COR168BL', 2, 12, 1.000),
('COR168BR', 1, 4, 1.000),
('COR168BR', 2, 16, 0.000),
('COR168GL', 1, 11, 1.000),
('COR168GL', 2, 15, 1.000),
('COR168NR', 1, 11, 0.000),
('COR168NR', 2, 16, 0.000),
('COR175BLDEC', 1, 5, 1.000),
('COR175BLDEC', 2, 12, 1.000),
('COR175BRDEC', 1, 4, 1.000),
('COR175BRDEC', 2, 16, 0.000),
('COR175GLDEC', 1, 11, 1.000),
('COR175GLDEC', 2, 15, 1.000),
('COR175NRDEC', 1, 11, 1.000),
('COR175NRDEC', 2, 16, 0.000),
('COR180BL', 1, 7, 1.000),
('COR180BL', 2, 9, 1.000),
('COR180BR', 1, 11, 1.000),
('COR180BR', 2, 9, 0.000),
('COR180GL', 1, 9, 1.000),
('COR180GL', 2, 9, 1.000),
('COR180NR', 1, 9, 0.000),
('COR180NR', 2, 11, 0.000),
('COR184BL', 1, 3, 1.000),
('COR184BL', 2, 16, 1.000),
('COR184BR', 1, 5, 1.000),
('COR184BR', 2, 17, 0.000),
('COR184GL', 1, 11, 1.000),
('COR184GL', 2, 17, 1.000),
('COR184NR', 1, 6, 1.000),
('COR184NR', 2, 17, 0.000),
('COR200BLDEC', 1, 3, 2.000),
('COR200BLDEC', 2, 16, 1.000),
('COR200BRDEC', 1, 5, 1.000),
('COR200BRDEC', 2, 17, 1.000),
('COR200GLDEC', 1, 11, 2.000),
('COR200GLDEC', 2, 17, 1.000),
('COR200NRDEC', 1, 6, 1.000),
('COR200NRDEC', 2, 17, 0.000),
('COR216BL', 1, 10, 1.000),
('COR216BL', 2, 14, 1.000),
('COR216BR', 1, 11, 1.000),
('COR216BR', 2, 8, 1.000),
('COR216GL', 1, 10, 1.000),
('COR216GL', 2, 13, 1.000),
('COR216NR', 1, 9, 1.000),
('COR216NR', 2, 13, 0.000),
('COR224BL', 1, 7, 1.000),
('COR224BL', 2, 10, 1.000),
('COR224BR', 1, 9, 1.000),
('COR224BR', 2, 11, 1.000),
('COR224GL', 1, 4, 1.000),
('COR224GL', 2, 16, 1.000),
('COR224NR', 1, 6, 1.000),
('COR224NR', 2, 13, 0.000),
('COR225BLDEC', 1, 10, 2.000),
('COR225BLDEC', 2, 14, 1.000),
('COR225BRDEC', 1, 11, 1.000),
('COR225BRDEC', 2, 8, 1.000),
('COR225GLDEC', 1, 10, 2.000),
('COR225GLDEC', 2, 13, 1.000),
('COR225NRDEC', 1, 9, 1.000),
('COR225NRDEC', 2, 13, 1.000),
('COR230BL', 1, 4, 1.000),
('COR230BL', 2, 15, 1.000),
('COR230BR', 1, 6, 1.000),
('COR230BR', 2, 13, 1.000),
('COR230GL', 1, 9, 1.000),
('COR230GL', 2, 15, 1.000),
('COR230NR', 1, 11, 1.000),
('COR230NR', 2, 17, 0.000),
('COR250BLDEC', 1, 9, 2.000),
('COR250BLDEC', 2, 17, 1.000),
('COR250BRDEC', 1, 10, 2.000),
('COR250BRDEC', 2, 17, 1.000),
('COR250GLDEC', 1, 3, 2.000),
('COR250GLDEC', 2, 13, 1.000),
('COR250NRDEC', 1, 9, 1.000),
('COR250NRDEC', 2, 16, 1.000),
('COR252BL', 1, 9, 1.000),
('COR252BL', 2, 17, 1.000),
('COR252BR', 1, 10, 1.000),
('COR252BR', 2, 17, 1.000),
('COR252GL', 1, 3, 1.000),
('COR252GL', 2, 13, 1.000),
('COR252NR', 1, 9, 1.000),
('COR252NR', 2, 16, 0.000),
('COR275BLDEC', 1, 7, 3.000),
('COR275BLDEC', 2, 14, 1.000),
('COR275BRDEC', 1, 13, 2.000),
('COR275BRDEC', 2, 13, 1.000),
('COR275GLDEC', 1, 7, 3.000),
('COR275GLDEC', 2, 17, 1.000),
('COR275NRDEC', 1, 7, 2.000),
('COR275NRDEC', 2, 12, 1.000),
('COR276BL', 1, 7, 2.000),
('COR276BL', 2, 14, 1.000),
('COR276BR', 1, 13, 1.000),
('COR276BR', 2, 13, 1.000),
('COR276GL', 1, 7, 2.000),
('COR276GL', 2, 17, 1.000),
('COR276NR', 1, 7, 1.000),
('COR276NR', 2, 12, 1.000),
('COR280BL', 1, 10, 2.000),
('COR280BL', 2, 10, 1.000),
('COR280BR', 1, 10, 1.000),
('COR280BR', 2, 11, 1.000),
('COR280GL', 1, 13, 2.000),
('COR280GL', 2, 15, 1.000),
('COR280NR', 1, 8, 1.000),
('COR280NR', 2, 15, 1.000),
('COR300BLDEC', 1, 10, 3.000),
('COR300BLDEC', 2, 10, 2.000),
('COR300BRDEC', 1, 10, 2.000),
('COR300BRDEC', 2, 11, 1.000),
('COR300GLDEC', 1, 13, 3.000),
('COR300GLDEC', 2, 15, 1.000),
('COR300NRDEC', 1, 8, 2.000),
('COR300NRDEC', 2, 15, 1.000),
('COR325BLDEC', 1, 10, 3.000),
('COR325BLDEC', 2, 10, 2.000),
('COR325BRDEC', 1, 10, 2.000),
('COR325BRDEC', 2, 11, 1.000),
('COR325GLDEC', 1, 13, 3.000),
('COR325GLDEC', 2, 15, 1.000),
('COR325NRDEC', 1, 8, 2.000),
('COR325NRDEC', 2, 15, 1.000),
('COR350BLDEC', 1, 10, 3.000),
('COR350BLDEC', 2, 10, 2.000),
('COR350BRDEC', 1, 10, 2.000),
('COR350BRDEC', 2, 11, 1.000),
('COR350GLDEC', 1, 13, 3.000),
('COR350GLDEC', 2, 15, 1.000),
('COR350NRDEC', 1, 8, 2.000),
('COR350NRDEC', 2, 15, 1.000),
('COR36BL', 1, 3, 0.000),
('COR36BL', 2, 9, 0.000),
('COR36BR', 1, 6, 0.000),
('COR36BR', 2, 16, 0.000),
('COR36GL', 1, 7, 0.000),
('COR36GL', 2, 14, 0.000),
('COR36NR', 1, 7, 0.000),
('COR36NR', 2, 17, 0.000),
('COR375BLDEC', 1, 10, 3.000),
('COR375BLDEC', 2, 10, 2.000),
('COR375BRDEC', 1, 10, 2.000),
('COR375BRDEC', 2, 11, 1.000),
('COR375GLDEC', 1, 13, 3.000),
('COR375GLDEC', 2, 15, 1.000),
('COR375NRDEC', 1, 8, 2.000),
('COR375NRDEC', 2, 15, 1.000),
('COR46BL', 1, 12, 0.000),
('COR46BL', 2, 9, 0.000),
('COR46BR', 1, 4, 0.000),
('COR46BR', 2, 9, 0.000),
('COR46GL', 1, 10, 0.000),
('COR46GL', 2, 14, 0.000),
('COR46NR', 1, 9, 0.000),
('COR46NR', 2, 11, 0.000),
('COR50BLDEC', 1, 3, 0.000),
('COR50BLDEC', 2, 9, 0.000),
('COR50BRDEC', 1, 9, 0.000),
('COR50BRDEC', 2, 13, 0.000),
('COR50GLDEC', 1, 8, 0.000),
('COR50GLDEC', 2, 15, 0.000),
('COR50NRDEC', 1, 6, 0.000),
('COR50NRDEC', 2, 12, 0.000),
('COR56BL', 1, 3, 0.000),
('COR56BL', 2, 9, 0.000),
('COR56BR', 1, 9, 0.000),
('COR56BR', 2, 13, 0.000),
('COR56GL', 1, 8, 0.000),
('COR56GL', 2, 15, 0.000),
('COR56NR', 1, 6, 0.000),
('COR56NR', 2, 12, 0.000),
('COR72BL', 1, 12, 0.000),
('COR72BL', 2, 18, 0.000),
('COR72BR', 1, 12, 0.000),
('COR72BR', 2, 12, 0.000),
('COR72GL', 1, 4, 0.000),
('COR72GL', 2, 13, 0.000),
('COR72NR', 1, 13, 0.000),
('COR72NR', 2, 13, 0.000),
('COR75BLDEC', 1, 12, 0.000),
('COR75BLDEC', 2, 18, 0.000),
('COR75BRDEC', 1, 12, 0.000),
('COR75BRDEC', 2, 12, 0.000),
('COR75GLDEC', 1, 4, 0.000),
('COR75GLDEC', 2, 13, 0.000),
('COR75NRDEC', 1, 13, 0.000),
('COR75NRDEC', 2, 13, 0.000),
('COR92BL', 1, 6, 0.000),
('COR92BL', 2, 18, 0.000),
('COR92BR', 1, 12, 0.000),
('COR92BR', 2, 8, 0.000),
('COR92GL', 1, 5, 0.000),
('COR92GL', 2, 12, 0.000),
('COR92NR', 1, 10, 0.000),
('COR92NR', 2, 14, 0.000),
('COUPEL', 1, 13, 0.000),
('COUPEL', 2, 13, 0.000),
('PAG3232BL', 1, 13, 4.000),
('PAG3232BL', 2, 12, 3.000),
('PAG3232BR', 1, 9, 3.000),
('PAG3232BR', 2, 17, 2.000),
('PAG3242BL', 1, 10, 5.000),
('PAG3242BL', 2, 12, 4.000),
('PAG3242BR', 1, 6, 4.000),
('PAG3242BR', 2, 10, 3.000),
('PAG3252BL', 1, 7, 6.000),
('PAG3252BL', 2, 10, 5.000),
('PAG3252BR', 1, 7, 5.000),
('PAG3252BR', 2, 11, 4.000),
('PAG3262BL', 1, 5, 8.000),
('PAG3262BL', 2, 10, 6.000),
('PAG3262BR', 1, 13, 6.000),
('PAG3262BR', 2, 9, 4.000),
('PAG4232BL', 1, 11, 5.000),
('PAG4232BL', 2, 9, 4.000),
('PAG4232BR', 1, 9, 4.000),
('PAG4232BR', 2, 15, 3.000),
('PAG4242BL', 1, 6, 7.000),
('PAG4242BL', 2, 14, 5.000),
('PAG4242BR', 1, 9, 6.000),
('PAG4242BR', 2, 8, 4.000),
('PAG4252BL', 1, 5, 9.000),
('PAG4252BL', 2, 10, 7.000),
('PAG4252BR', 1, 8, 7.000),
('PAG4252BR', 2, 14, 5.000),
('PAG4262BL', 1, 7, 10.000),
('PAG4262BL', 2, 17, 9.000),
('PAG4262BR', 1, 4, 9.000),
('PAG4262BR', 2, 15, 6.000),
('PAG5232BL', 1, 9, 6.000),
('PAG5232BL', 2, 11, 5.000),
('PAG5232BR', 1, 5, 5.000),
('PAG5232BR', 2, 14, 4.000),
('PAG5242BL', 1, 9, 9.000),
('PAG5242BL', 2, 12, 7.000),
('PAG5242BR', 1, 3, 7.000),
('PAG5242BR', 2, 16, 5.000),
('PAG5252BL', 1, 6, 11.000),
('PAG5252BL', 2, 9, 9.000),
('PAG5252BR', 1, 11, 8.000),
('PAG5252BR', 2, 9, 7.000),
('PAG5262BL', 1, 12, 14.000),
('PAG5262BL', 2, 17, 10.000),
('PAG5262BR', 1, 11, 11.000),
('PAG5262BR', 2, 13, 8.000),
('PAH32100BL', 1, 6, 12.000),
('PAH32100BL', 2, 15, 11.000),
('PAH32100BR', 1, 10, 11.000),
('PAH32100BR', 2, 9, 7.000),
('PAH32120BL', 1, 6, 16.000),
('PAH32120BL', 2, 11, 12.000),
('PAH32120BR', 1, 9, 13.000),
('PAH32120BR', 2, 14, 10.000),
('PAH3232BL', 1, 7, 4.000),
('PAH3232BL', 2, 14, 3.000),
('PAH3232BR', 1, 9, 3.000),
('PAH3232BR', 2, 14, 2.000),
('PAH3242BL', 1, 4, 5.000),
('PAH3242BL', 2, 17, 4.000),
('PAH3242BR', 1, 7, 4.000),
('PAH3242BR', 2, 16, 3.000),
('PAH3252BL', 1, 11, 6.000),
('PAH3252BL', 2, 17, 5.000),
('PAH3252BR', 1, 11, 5.000),
('PAH3252BR', 2, 15, 4.000),
('PAH3262BL', 1, 8, 8.000),
('PAH3262BL', 2, 14, 6.000),
('PAH3262BR', 1, 4, 6.000),
('PAH3262BR', 2, 11, 4.000),
('PAH3280BL', 1, 11, 10.000),
('PAH3280BL', 2, 13, 8.000),
('PAH3280BR', 1, 8, 8.000),
('PAH3280BR', 2, 17, 6.000),
('PAH42100BL', 1, 6, 17.000),
('PAH42100BL', 2, 10, 14.000),
('PAH42100BR', 1, 4, 15.000),
('PAH42100BR', 2, 8, 10.000),
('PAH42120BL', 1, 13, 22.000),
('PAH42120BL', 2, 10, 16.000),
('PAH42120BR', 1, 8, 17.000),
('PAH42120BR', 2, 15, 12.000),
('PAH4232BL', 1, 3, 5.000),
('PAH4232BL', 2, 17, 4.000),
('PAH4232BR', 1, 10, 4.000),
('PAH4232BR', 2, 9, 3.000),
('PAH4242BL', 1, 4, 7.000),
('PAH4242BL', 2, 18, 5.000),
('PAH4242BR', 1, 9, 5.000),
('PAH4242BR', 2, 11, 4.000),
('PAH4252BL', 1, 7, 9.000),
('PAH4252BL', 2, 13, 6.000),
('PAH4252BR', 1, 5, 7.000),
('PAH4252BR', 2, 16, 5.000),
('PAH4262BL', 1, 11, 10.000),
('PAH4262BL', 2, 10, 8.000),
('PAH4262BR', 1, 6, 9.000),
('PAH4262BR', 2, 16, 7.000),
('PAH4280BL', 1, 7, 13.000),
('PAH4280BL', 2, 12, 11.000),
('PAH4280BR', 1, 12, 11.000),
('PAH4280BR', 2, 10, 8.000),
('PAH52100BL', 1, 4, 23.000),
('PAH52100BL', 2, 15, 18.000),
('PAH52100BR', 1, 12, 17.000),
('PAH52100BR', 2, 14, 14.000),
('PAH52120BL', 1, 6, 28.000),
('PAH52120BL', 2, 16, 20.000),
('PAH52120BR', 1, 6, 20.000),
('PAH52120BR', 2, 8, 16.000),
('PAH5232BL', 1, 5, 7.000),
('PAH5232BL', 2, 8, 5.000),
('PAH5232BR', 1, 8, 5.000),
('PAH5232BR', 2, 10, 4.000),
('PAH5242BL', 1, 12, 9.000),
('PAH5242BL', 2, 12, 7.000),
('PAH5242BR', 1, 7, 7.000),
('PAH5242BR', 2, 15, 5.000),
('PAH5252BL', 1, 8, 11.000),
('PAH5252BL', 2, 14, 8.000),
('PAH5252BR', 1, 12, 9.000),
('PAH5252BR', 2, 14, 6.000),
('PAH5262BL', 1, 12, 13.000),
('PAH5262BL', 2, 12, 11.000),
('PAH5262BR', 1, 6, 10.000),
('PAH5262BR', 2, 17, 8.000),
('PAH5280BL', 1, 7, 17.000),
('PAH5280BL', 2, 12, 12.000),
('PAH5280BR', 1, 7, 14.000),
('PAH5280BR', 2, 9, 10.000),
('PAH62100BL', 1, 4, 26.000),
('PAH62100BL', 2, 16, 20.000),
('PAH62100BR', 1, 12, 21.000),
('PAH62100BR', 2, 17, 15.000),
('PAH62120BL', 1, 6, 33.000),
('PAH62120BL', 2, 17, 25.000),
('PAH62120BR', 1, 12, 26.000),
('PAH62120BR', 2, 9, 18.000),
('PAH6232BL', 1, 11, 8.000),
('PAH6232BL', 2, 14, 6.000),
('PAH6232BR', 1, 5, 6.000),
('PAH6232BR', 2, 17, 5.000),
('PAH6242BL', 1, 6, 11.000),
('PAH6242BL', 2, 17, 8.000),
('PAH6242BR', 1, 11, 9.000),
('PAH6242BR', 2, 16, 6.000),
('PAH6252BL', 1, 6, 14.000),
('PAH6252BL', 2, 12, 9.000),
('PAH6252BR', 1, 10, 11.000),
('PAH6252BR', 2, 10, 8.000),
('PAH6262BL', 1, 12, 15.000),
('PAH6262BL', 2, 14, 12.000),
('PAH6262BR', 1, 7, 13.000),
('PAH6262BR', 2, 12, 10.000),
('PAH6280BL', 1, 5, 22.000),
('PAH6280BL', 2, 10, 15.000),
('PAH6280BR', 1, 7, 17.000),
('PAH6280BR', 2, 18, 12.000),
('PAR32100BL', 1, 13, 12.000),
('PAR32100BL', 2, 14, 9.000),
('PAR32100BR', 1, 11, 11.000),
('PAR32100BR', 2, 11, 8.000),
('PAR32120BL', 1, 6, 15.000),
('PAR32120BL', 2, 10, 12.000),
('PAR32120BR', 1, 5, 13.000),
('PAR32120BR', 2, 17, 10.000),
('PAR3232BL', 1, 10, 4.000),
('PAR3232BL', 2, 14, 3.000),
('PAR3232BR', 1, 7, 3.000),
('PAR3232BR', 2, 16, 2.000),
('PAR3242BL', 1, 7, 6.000),
('PAR3242BL', 2, 13, 4.000),
('PAR3242BR', 1, 8, 4.000),
('PAR3242BR', 2, 13, 3.000),
('PAR3252BL', 1, 7, 7.000),
('PAR3252BL', 2, 14, 5.000),
('PAR3252BR', 1, 4, 5.000),
('PAR3252BR', 2, 10, 4.000),
('PAR3262BL', 1, 12, 8.000),
('PAR3262BL', 2, 17, 6.000),
('PAR3262BR', 1, 7, 6.000),
('PAR3262BR', 2, 8, 5.000),
('PAR3280BL', 1, 10, 10.000),
('PAR3280BL', 2, 12, 8.000),
('PAR3280BR', 1, 3, 8.000),
('PAR3280BR', 2, 11, 6.000),
('PAR42100BL', 1, 6, 22.000),
('PAR42100BL', 2, 11, 16.000),
('PAR42100BR', 1, 13, 13.000),
('PAR42100BR', 2, 15, 10.000),
('PAR42120BL', 1, 7, 25.000),
('PAR42120BL', 2, 16, 21.000),
('PAR42120BR', 1, 10, 16.000),
('PAR42120BR', 2, 10, 13.000),
('PAR4232BL', 1, 10, 7.000),
('PAR4232BL', 2, 14, 5.000),
('PAR4232BR', 1, 13, 4.000),
('PAR4232BR', 2, 17, 3.000),
('PAR4242BL', 1, 4, 9.000),
('PAR4242BL', 2, 9, 7.000),
('PAR4242BR', 1, 10, 5.000),
('PAR4242BR', 2, 15, 4.000),
('PAR4252BL', 1, 7, 11.000),
('PAR4252BL', 2, 13, 8.000),
('PAR4252BR', 1, 10, 7.000),
('PAR4252BR', 2, 11, 5.000),
('PAR4262BL', 1, 6, 13.000),
('PAR4262BL', 2, 17, 10.000),
('PAR4262BR', 1, 5, 9.000),
('PAR4262BR', 2, 17, 6.000),
('PAR4280BL', 1, 6, 16.000),
('PAR4280BL', 2, 8, 13.000),
('PAR4280BR', 1, 4, 11.000),
('PAR4280BR', 2, 17, 9.000),
('PAR52100BL', 1, 9, 21.000),
('PAR52100BL', 2, 9, 17.000),
('PAR52100BR', 1, 7, 17.000),
('PAR52100BR', 2, 13, 14.000),
('PAR52120BL', 1, 6, 26.000),
('PAR52120BL', 2, 18, 20.000),
('PAR52120BR', 1, 9, 19.000),
('PAR52120BR', 2, 10, 16.000),
('PAR5232BL', 1, 5, 7.000),
('PAR5232BL', 2, 17, 5.000),
('PAR5232BR', 1, 9, 5.000),
('PAR5232BR', 2, 10, 4.000),
('PAR5242BL', 1, 9, 9.000),
('PAR5242BL', 2, 16, 7.000),
('PAR5242BR', 1, 5, 7.000),
('PAR5242BR', 2, 14, 5.000),
('PAR5252BL', 1, 9, 10.000),
('PAR5252BL', 2, 14, 8.000),
('PAR5252BR', 1, 8, 9.000),
('PAR5252BR', 2, 10, 6.000),
('PAR5262BL', 1, 11, 14.000),
('PAR5262BL', 2, 15, 10.000),
('PAR5262BR', 1, 8, 10.000),
('PAR5262BR', 2, 15, 8.000),
('PAR5280BL', 1, 13, 16.000),
('PAR5280BL', 2, 18, 13.000),
('PAR5280BR', 1, 13, 14.000),
('PAR5280BR', 2, 17, 10.000),
('POR3232BL', 1, 7, 4.000),
('POR3232BL', 2, 8, 3.000),
('POR3232BR', 1, 4, 4.000),
('POR3232BR', 2, 8, 3.000),
('POR3232VE', 1, 11, 8.000),
('POR3232VE', 2, 16, 6.000),
('POR3242BL', 1, 10, 5.000),
('POR3242BL', 2, 14, 4.000),
('POR3242BR', 1, 7, 5.000),
('POR3242BR', 2, 13, 4.000),
('POR3242VE', 1, 5, 11.000),
('POR3242VE', 2, 14, 9.000),
('POR3252BL', 1, 12, 6.000),
('POR3252BL', 2, 13, 5.000),
('POR3252BR', 1, 5, 7.000),
('POR3252BR', 2, 14, 5.000),
('POR3252VE', 1, 11, 13.000),
('POR3252VE', 2, 15, 11.000),
('POR3262BL', 1, 12, 7.000),
('POR3262BL', 2, 14, 6.000),
('POR3262BR', 1, 7, 8.000),
('POR3262BR', 2, 17, 5.000),
('POR3262VE', 1, 6, 17.000),
('POR3262VE', 2, 10, 13.000),
('POR4232BL', 1, 6, 5.000),
('POR4232BL', 2, 17, 4.000),
('POR4232BR', 1, 11, 5.000),
('POR4232BR', 2, 11, 4.000),
('POR4232VE', 1, 10, 11.000),
('POR4232VE', 2, 18, 8.000),
('POR4242BL', 1, 6, 7.000),
('POR4242BL', 2, 13, 5.000),
('POR4242BR', 1, 12, 7.000),
('POR4242BR', 2, 15, 5.000),
('POR4242VE', 1, 10, 15.000),
('POR4242VE', 2, 15, 10.000),
('POR4252BL', 1, 10, 9.000),
('POR4252BL', 2, 10, 6.000),
('POR4252BR', 1, 4, 9.000),
('POR4252BR', 2, 12, 7.000),
('POR4252VE', 1, 5, 19.000),
('POR4252VE', 2, 15, 14.000),
('POR4262BL', 1, 5, 11.000),
('POR4262BL', 2, 11, 8.000),
('POR4262BR', 1, 5, 11.000),
('POR4262BR', 2, 17, 7.000),
('POR4262VE', 1, 9, 20.000),
('POR4262VE', 2, 15, 18.000),
('POR5232BL', 1, 7, 7.000),
('POR5232BL', 2, 16, 5.000),
('POR5232BR', 1, 11, 7.000),
('POR5232BR', 2, 13, 5.000),
('POR5232VE', 1, 13, 13.000),
('POR5232VE', 2, 9, 11.000),
('POR5242BL', 1, 12, 9.000),
('POR5242BL', 2, 14, 6.000),
('POR5242BR', 1, 3, 8.000),
('POR5242BR', 2, 10, 6.000),
('POR5242VE', 1, 12, 18.000),
('POR5242VE', 2, 15, 14.000),
('POR5252BL', 1, 11, 11.000),
('POR5252BL', 2, 10, 8.000),
('POR5252BR', 1, 6, 11.000),
('POR5252BR', 2, 12, 8.000),
('POR5252VE', 1, 12, 23.000),
('POR5252VE', 2, 11, 17.000),
('POR5262BL', 1, 4, 13.000),
('POR5262BL', 2, 13, 10.000),
('POR5262BR', 1, 11, 25.000),
('POR5262BR', 2, 10, 21.000),
('POR5262VE', 1, 8, 27.000),
('POR5262VE', 2, 17, 20.000),
('TAS27', 1, 10, 0.000),
('TAS27', 2, 14, 0.000),
('TAS37', 1, 4, 0.000),
('TAS37', 2, 8, 0.000),
('TAS47', 1, 10, 0.000),
('TAS47', 2, 10, 0.000),
('TRF100', 1, 5, 1.000),
('TRF100', 2, 12, 1.000),
('TRF120', 1, 5, 1.000),
('TRF120', 2, 8, 1.000),
('TRF32', 1, 8, 1.000),
('TRF32', 2, 16, 1.000),
('TRF42', 1, 8, 1.000),
('TRF42', 2, 14, 1.000),
('TRF52', 1, 6, 1.000),
('TRF52', 2, 9, 1.000),
('TRF62', 1, 8, 1.000),
('TRF62', 2, 16, 1.000),
('TRF80', 1, 4, 1.000),
('TRF80', 2, 12, 1.000),
('TRG32', 1, 9, 0.000),
('TRG32', 2, 11, 0.000),
('TRG42', 1, 4, 1.000),
('TRG42', 2, 17, 0.000),
('TRG52', 1, 12, 1.000),
('TRG52', 2, 14, 0.000),
('TRG62', 1, 8, 1.000),
('TRG62', 2, 12, 0.000),
('TRR100', 1, 10, 1.000),
('TRR100', 2, 10, 1.000),
('TRR120', 1, 4, 1.000),
('TRR120', 2, 10, 1.000),
('TRR32', 1, 8, 0.000),
('TRR32', 2, 10, 0.000),
('TRR42', 1, 10, 0.000),
('TRR42', 2, 10, 0.000),
('TRR52', 1, 6, 1.000),
('TRR52', 2, 10, 0.000),
('TRR62', 1, 12, 1.000),
('TRR62', 2, 10, 1.000),
('TRR80', 1, 3, 1.000),
('TRR80', 2, 11, 1.000);

--
-- Contraintes pour les tables exportées
--

--
-- Contraintes pour la table `commande`
--
ALTER TABLE `commande`
  ADD CONSTRAINT `FK_client` FOREIGN KEY (`FK_client`) REFERENCES `client` (`PK_client`) ON DELETE NO ACTION ON UPDATE NO ACTION;

--
-- Contraintes pour la table `linkcommandeelement`
--
ALTER TABLE `linkcommandeelement`
  ADD CONSTRAINT `FK_commande` FOREIGN KEY (`FK_commande`) REFERENCES `commande` (`PK_refCommande`) ON DELETE CASCADE ON UPDATE CASCADE,
  ADD CONSTRAINT `FK_element` FOREIGN KEY (`FK_element`) REFERENCES `element` (`PK_code`) ON DELETE CASCADE ON UPDATE CASCADE;

--
-- Contraintes pour la table `linkelementfournisseur`
--
ALTER TABLE `linkelementfournisseur`
  ADD CONSTRAINT `linkelementfournisseur_ibfk_2` FOREIGN KEY (`FK_fournisseur`) REFERENCES `fournisseur` (`fournisseur`) ON DELETE CASCADE ON UPDATE CASCADE,
  ADD CONSTRAINT `linkelementfournisseur_ibfk_1` FOREIGN KEY (`FK_element`) REFERENCES `element` (`PK_code`) ON DELETE CASCADE ON UPDATE CASCADE;

/*!40101 SET CHARACTER_SET_CLIENT=@OLD_CHARACTER_SET_CLIENT */;
/*!40101 SET CHARACTER_SET_RESULTS=@OLD_CHARACTER_SET_RESULTS */;
/*!40101 SET COLLATION_CONNECTION=@OLD_COLLATION_CONNECTION */;
